year,month,yyyymm,sido,passenger_newcar,passenger_newimported,van_newcar,van_newimported
2018,1,201801,서울,13255,3950,447,16
2018,1,201801,부산,7038,3077,159,13
2018,1,201801,대구,4455,2021,125,13
2018,1,201801,인천,15165,2985,731,13
2018,1,201801,광주,2712,497,67,8
2018,1,201801,대전,2881,494,77,3
2018,1,201801,울산,3079,270,56,3
2018,1,201801,세종,703,130,18,0
2018,1,201801,경기,27309,4882,838,81
2018,1,201801,강원,3306,380,145,3
2018,1,201801,충북,3520,363,113,10
2018,1,201801,충남,4773,563,145,10
2018,1,201801,전북,3750,449,114,8
2018,1,201801,전남,5631,418,171,10
2018,1,201801,경북,5253,553,156,12
2018,1,201801,경남,7445,1480,159,7
2018,1,201801,제주,6764,344,135,3
2018,2,201802,서울,10491,3763,385,16
2018,2,201802,부산,4976,2715,154,5
2018,2,201802,대구,2918,1806,100,18
2018,2,201802,인천,10810,2532,305,5
2018,2,201802,광주,1955,404,65,7
2018,2,201802,대전,2055,444,56,7
2018,2,201802,울산,2123,261,54,4
2018,2,201802,세종,489,122,11,1
2018,2,201802,경기,19941,4790,716,56
2018,2,201802,강원,2368,359,128,5
2018,2,201802,충북,2616,366,87,11
2018,2,201802,충남,3530,544,134,14
2018,2,201802,전북,2598,385,110,3
2018,2,201802,전남,4251,381,140,8
2018,2,201802,경북,3707,528,145,11
2018,2,201802,경남,4979,1321,162,11
2018,2,201802,제주,5452,344,166,0
2018,3,201803,서울,12666,5078,430,33
2018,3,201803,부산,6352,3339,162,4
2018,3,201803,대구,3987,2378,133,19
2018,3,201803,인천,12548,3616,350,6
2018,3,201803,광주,2683,647,68,8
2018,3,201803,대전,2683,613,67,6
2018,3,201803,울산,3446,310,60,7
2018,3,201803,세종,652,132,14,4
2018,3,201803,경기,25703,6280,972,89
2018,3,201803,강원,3320,488,130,9
2018,3,201803,충북,3414,462,125,10
2018,3,201803,충남,4589,700,166,16
2018,3,201803,전북,3404,569,121,8
2018,3,201803,전남,5942,553,175,3
2018,3,201803,경북,4548,678,162,19
2018,3,201803,경남,6705,1681,197,10
2018,3,201803,제주,7237,579,163,3
2018,4,201804,서울,12745,4973,522,40
2018,4,201804,부산,6476,3232,150,12
2018,4,201804,대구,3802,2048,127,17
2018,4,201804,인천,12226,3622,406,25
2018,4,201804,광주,2628,625,96,8
2018,4,201804,대전,2585,617,80,10
2018,4,201804,울산,3076,307,61,9
2018,4,201804,세종,622,185,26,3
2018,4,201804,경기,25001,6220,881,119
2018,4,201804,강원,3283,500,112,14
2018,4,201804,충북,3454,513,120,18
2018,4,201804,충남,4579,702,170,14
2018,4,201804,전북,3695,567,139,15
2018,4,201804,전남,5276,507,174,10
2018,4,201804,경북,4341,640,153,21
2018,4,201804,경남,6279,1545,193,12
2018,4,201804,제주,7987,654,199,25
2018,5,201805,서울,12128,4624,360,23
2018,5,201805,부산,5940,3178,138,5
2018,5,201805,대구,3655,2235,96,19
2018,5,201805,인천,12647,3588,266,11
2018,5,201805,광주,2480,599,47,6
2018,5,201805,대전,2490,526,58,7
2018,5,201805,울산,2871,248,73,9
2018,5,201805,세종,598,149,10,3
2018,5,201805,경기,24463,5642,679,67
2018,5,201805,강원,3056,466,98,9
2018,5,201805,충북,3152,458,82,11
2018,5,201805,충남,4266,657,101,20
2018,5,201805,전북,3311,544,93,9
2018,5,201805,전남,5666,508,116,10
2018,5,201805,경북,4280,623,130,17
2018,5,201805,경남,5832,1311,150,13
2018,5,201805,제주,7402,610,149,1
2018,6,201806,서울,12196,4554,662,20
2018,6,201806,부산,6060,3072,196,6
2018,6,201806,대구,3893,2453,135,22
2018,6,201806,인천,12934,4013,326,20
2018,6,201806,광주,2404,589,91,10
2018,6,201806,대전,2390,570,99,6
2018,6,201806,울산,2524,271,91,9
2018,6,201806,세종,608,163,24,6
2018,6,201806,경기,23666,5959,905,103
2018,6,201806,강원,3109,454,146,17
2018,6,201806,충북,3128,444,94,11
2018,6,201806,충남,4172,646,144,20
2018,6,201806,전북,3298,504,120,4
2018,6,201806,전남,5751,543,152,14
2018,6,201806,경북,3933,595,176,14
2018,6,201806,경남,5900,1441,230,14
2018,6,201806,제주,7170,794,180,3
2018,7,201807,서울,12790,3956,659,26
2018,7,201807,부산,6452,2867,192,10
2018,7,201807,대구,3928,2114,109,22
2018,7,201807,인천,13272,3169,379,15
2018,7,201807,광주,2527,544,95,10
2018,7,201807,대전,2627,594,87,14
2018,7,201807,울산,2677,254,106,5
2018,7,201807,세종,593,136,34,6
2018,7,201807,경기,25647,5137,896,106
2018,7,201807,강원,3286,411,123,8
2018,7,201807,충북,3367,435,123,11
2018,7,201807,충남,4625,543,183,21
2018,7,201807,전북,3461,479,150,11
2018,7,201807,전남,5798,425,180,12
2018,7,201807,경북,4268,534,183,27
2018,7,201807,경남,6620,1342,256,24
2018,7,201807,제주,8518,872,220,1
2018,8,201808,서울,12658,3675,648,28
2018,8,201808,부산,5541,2474,116,11
2018,8,201808,대구,3882,1831,63,17
2018,8,201808,인천,11890,3694,228,11
2018,8,201808,광주,2431,424,50,8
2018,8,201808,대전,2744,518,53,3
2018,8,201808,울산,2470,226,45,3
2018,8,201808,세종,636,140,15,6
2018,8,201808,경기,24448,4714,605,72
2018,8,201808,강원,3125,395,91,13
2018,8,201808,충북,3203,331,66,8
2018,8,201808,충남,4174,463,109,15
2018,8,201808,전북,3171,407,59,5
2018,8,201808,전남,4656,385,107,6
2018,8,201808,경북,4181,444,119,12
2018,8,201808,경남,6062,1021,135,9
2018,8,201808,제주,6857,616,112,1
2018,9,201809,서울,11291,2842,459,23
2018,9,201809,부산,4810,1809,163,4
2018,9,201809,대구,3397,1196,88,14
2018,9,201809,인천,9480,6073,379,12
2018,9,201809,광주,2060,328,52,10
2018,9,201809,대전,2494,327,70,6
2018,9,201809,울산,2234,174,47,4
2018,9,201809,세종,617,120,12,3
2018,9,201809,경기,21372,3385,780,83
2018,9,201809,강원,2705,250,104,10
2018,9,201809,충북,2736,260,117,11
2018,9,201809,충남,3649,373,151,17
2018,9,201809,전북,2898,336,101,7
2018,9,201809,전남,4648,382,319,10
2018,9,201809,경북,3721,348,146,11
2018,9,201809,경남,5008,573,222,11
2018,9,201809,제주,7471,496,240,0
2018,10,201810,서울,12881,3999,597,25
2018,10,201810,부산,6026,2559,203,9
2018,10,201810,대구,4081,1864,135,13
2018,10,201810,인천,11577,4076,360,10
2018,10,201810,광주,2668,482,60,5
2018,10,201810,대전,2867,498,64,9
2018,10,201810,울산,2649,216,65,3
2018,10,201810,세종,612,145,17,6
2018,10,201810,경기,25263,5004,885,90
2018,10,201810,강원,3471,357,150,10
2018,10,201810,충북,3779,445,129,15
2018,10,201810,충남,4628,518,201,13
2018,10,201810,전북,3456,414,134,10
2018,10,201810,전남,5052,409,144,4
2018,10,201810,경북,4495,534,170,18
2018,10,201810,경남,6425,1228,277,25
2018,10,201810,제주,7545,443,186,0
2018,11,201811,서울,13004,4334,595,16
2018,11,201811,부산,5898,2663,255,11
2018,11,201811,대구,4408,2168,134,14
2018,11,201811,인천,13175,4360,507,7
2018,11,201811,광주,2750,463,78,5
2018,11,201811,대전,2897,455,80,2
2018,11,201811,울산,2970,207,85,5
2018,11,201811,세종,660,147,60,6
2018,11,201811,경기,25475,5566,1039,54
2018,11,201811,강원,3424,372,128,8
2018,11,201811,충북,3347,369,145,12
2018,11,201811,충남,4738,522,179,6
2018,11,201811,전북,3490,416,141,1
2018,11,201811,전남,5264,412,231,10
2018,11,201811,경북,4645,534,251,13
2018,11,201811,경남,6472,1333,222,15
2018,11,201811,제주,7835,482,187,2
2018,12,201812,서울,11032,3971,391,27
2018,12,201812,부산,5449,2610,233,10
2018,12,201812,대구,3959,1939,107,9
2018,12,201812,인천,12735,3448,522,7
2018,12,201812,광주,2285,448,81,5
2018,12,201812,대전,2321,459,51,8
2018,12,201812,울산,2599,207,65,4
2018,12,201812,세종,615,102,19,0
2018,12,201812,경기,21214,4783,706,73
2018,12,201812,강원,2481,320,82,4
2018,12,201812,충북,2853,364,98,4
2018,12,201812,충남,3671,420,119,7
2018,12,201812,전북,2679,388,97,3
2018,12,201812,전남,6052,399,135,4
2018,12,201812,경북,3842,503,132,13
2018,12,201812,경남,5920,1188,170,15
2018,12,201812,제주,6979,417,134,2
2019,1,201901,서울,13448,3386,657,21
2019,1,201901,부산,6464,2299,236,8
2019,1,201901,대구,4452,1714,135,18
2019,1,201901,인천,14416,2826,375,6
2019,1,201901,광주,2856,420,94,7
2019,1,201901,대전,2831,425,103,2
2019,1,201901,울산,3028,203,106,4
2019,1,201901,세종,727,99,15,4
2019,1,201901,경기,27729,4296,1103,66
2019,1,201901,강원,3265,303,118,7
2019,1,201901,충북,3363,376,149,5
2019,1,201901,충남,4841,444,149,12
2019,1,201901,전북,3729,332,107,1
2019,1,201901,전남,5030,380,189,7
2019,1,201901,경북,4913,425,198,17
2019,1,201901,경남,7007,1138,241,14
2019,1,201901,제주,7077,465,204,0
2019,2,201902,서울,9322,3069,375,13
2019,2,201902,부산,4436,2011,213,8
2019,2,201902,대구,2730,1383,68,10
2019,2,201902,인천,10619,2369,246,7
2019,2,201902,광주,2027,386,44,5
2019,2,201902,대전,1906,362,58,7
2019,2,201902,울산,1886,162,62,4
2019,2,201902,세종,491,111,10,2
2019,2,201902,경기,19941,3799,709,54
2019,2,201902,강원,2378,272,110,6
2019,2,201902,충북,2486,284,89,5
2019,2,201902,충남,3335,366,108,5
2019,2,201902,전북,2536,329,88,5
2019,2,201902,전남,3516,316,125,4
2019,2,201902,경북,3228,390,103,10
2019,2,201902,경남,4734,919,171,14
2019,2,201902,제주,5375,383,167,2
2019,3,201903,서울,13111,3639,564,24
2019,3,201903,부산,5739,2317,226,5
2019,3,201903,대구,3422,1924,123,14
2019,3,201903,인천,14304,2687,607,16
2019,3,201903,광주,2445,419,68,6
2019,3,201903,대전,2397,431,59,9
2019,3,201903,울산,2453,207,82,3
2019,3,201903,세종,672,129,15,2
2019,3,201903,경기,24536,4366,992,84
2019,3,201903,강원,3073,325,131,24
2019,3,201903,충북,3118,304,144,11
2019,3,201903,충남,4207,493,155,8
2019,3,201903,전북,3040,370,85,7
2019,3,201903,전남,5912,370,199,8
2019,3,201903,경북,4161,464,193,12
2019,3,201903,경남,5857,1039,226,14
2019,3,201903,제주,7102,509,234,1
2019,4,201904,서울,13241,3376,552,21
2019,4,201904,부산,6153,2469,204,9
2019,4,201904,대구,3741,1758,163,7
2019,4,201904,인천,14712,3049,526,9
2019,4,201904,광주,2541,459,76,8
2019,4,201904,대전,2501,387,66,8
2019,4,201904,울산,2897,175,68,5
2019,4,201904,세종,640,111,12,1
2019,4,201904,경기,24971,4044,956,79
2019,4,201904,강원,3081,319,158,14
2019,4,201904,충북,3269,331,149,14
2019,4,201904,충남,4500,500,170,9
2019,4,201904,전북,3365,361,123,4
2019,4,201904,전남,5046,531,187,8
2019,4,201904,경북,4359,479,188,16
2019,4,201904,경남,7311,1239,236,18
2019,4,201904,제주,7261,440,226,0
2019,5,201905,서울,12210,3739,649,27
2019,5,201905,부산,5947,2315,208,7
2019,5,201905,대구,3764,1717,110,8
2019,5,201905,인천,15492,3353,526,10
2019,5,201905,광주,2532,432,69,4
2019,5,201905,대전,2609,484,105,11
2019,5,201905,울산,2714,199,44,8
2019,5,201905,세종,632,159,6,2
2019,5,201905,경기,23586,4828,683,71
2019,5,201905,강원,2967,380,81,6
2019,5,201905,충북,3212,356,108,8
2019,5,201905,충남,4249,573,123,13
2019,5,201905,전북,2893,390,98,4
2019,5,201905,전남,4296,481,154,7
2019,5,201905,경북,4216,504,151,13
2019,5,201905,경남,7135,1335,167,14
2019,5,201905,제주,7866,421,174,1
2019,6,201906,서울,10862,3650,403,21
2019,6,201906,부산,4979,2516,172,13
2019,6,201906,대구,3306,1826,65,9
2019,6,201906,인천,13956,3141,543,36
2019,6,201906,광주,2222,454,47,8
2019,6,201906,대전,2294,462,38,8
2019,6,201906,울산,2642,197,54,6
2019,6,201906,세종,576,141,12,6
2019,6,201906,경기,20979,4589,725,94
2019,6,201906,강원,2709,342,142,7
2019,6,201906,충북,2719,353,93,9
2019,6,201906,충남,3576,496,112,16
2019,6,201906,전북,2724,403,82,3
2019,6,201906,전남,4501,607,136,6
2019,6,201906,경북,3647,499,125,16
2019,6,201906,경남,6252,1500,166,16
2019,6,201906,제주,7373,465,153,2
2019,7,201907,서울,12524,3736,399,47
2019,7,201907,부산,5450,2462,128,22
2019,7,201907,대구,3671,1936,92,25
2019,7,201907,인천,14188,3098,274,33
2019,7,201907,광주,2582,430,55,13
2019,7,201907,대전,2575,495,48,15
2019,7,201907,울산,2749,207,47,6
2019,7,201907,세종,613,113,10,7
2019,7,201907,경기,23795,4828,504,122
2019,7,201907,강원,3128,401,83,13
2019,7,201907,충북,3067,386,88,16
2019,7,201907,충남,4041,533,103,36
2019,7,201907,전북,3207,379,71,11
2019,7,201907,전남,4826,569,152,18
2019,7,201907,경북,4219,435,115,23
2019,7,201907,경남,7240,1521,147,42
2019,7,201907,제주,8454,593,155,5
2019,8,201908,서울,11451,3584,289,34
2019,8,201908,부산,4724,2301,105,16
2019,8,201908,대구,3501,1826,45,17
2019,8,201908,인천,10837,3130,460,10
2019,8,201908,광주,2300,381,38,7
2019,8,201908,대전,2364,373,30,13
2019,8,201908,울산,2089,186,30,6
2019,8,201908,세종,574,128,10,5
2019,8,201908,경기,22229,4505,424,112
2019,8,201908,강원,2840,345,59,19
2019,8,201908,충북,2805,324,78,20
2019,8,201908,충남,3784,481,107,26
2019,8,201908,전북,2921,380,71,11
2019,8,201908,전남,4382,323,64,8
2019,8,201908,경북,3707,501,94,21
2019,8,201908,경남,6062,1333,127,22
2019,8,201908,제주,6625,370,117,4
2019,9,201909,서울,10874,4055,335,47
2019,9,201909,부산,4998,2512,101,32
2019,9,201909,대구,3404,2049,87,22
2019,9,201909,인천,11111,3392,222,41
2019,9,201909,광주,2273,445,54,15
2019,9,201909,대전,2286,467,43,16
2019,9,201909,울산,2388,259,48,7
2019,9,201909,세종,615,143,6,3
2019,9,201909,경기,23976,4935,581,133
2019,9,201909,강원,3135,341,109,14
2019,9,201909,충북,3002,376,71,39
2019,9,201909,충남,4051,498,108,35
2019,9,201909,전북,3136,424,82,19
2019,9,201909,전남,4878,477,127,12
2019,9,201909,경북,4012,477,110,25
2019,9,201909,경남,6375,1458,224,26
2019,9,201909,제주,6646,347,94,6
2019,10,201910,서울,11987,4377,450,52
2019,10,201910,부산,5329,2756,189,27
2019,10,201910,대구,3864,2439,154,15
2019,10,201910,인천,11963,3653,227,25
2019,10,201910,광주,2592,469,66,10
2019,10,201910,대전,2643,473,60,25
2019,10,201910,울산,2626,279,75,7
2019,10,201910,세종,692,167,14,8
2019,10,201910,경기,25394,5282,795,156
2019,10,201910,강원,3382,411,145,20
2019,10,201910,충북,3389,355,108,30
2019,10,201910,충남,4425,583,158,29
2019,10,201910,전북,3619,408,144,15
2019,10,201910,전남,5346,468,177,18
2019,10,201910,경북,4547,530,177,45
2019,10,201910,경남,7497,1546,275,35
2019,10,201910,제주,7317,407,145,5
2019,11,201911,서울,13221,5220,493,29
2019,11,201911,부산,6317,3193,157,11
2019,11,201911,대구,4168,2999,100,17
2019,11,201911,인천,11287,3721,318,22
2019,11,201911,광주,2885,514,80,4
2019,11,201911,대전,2868,538,83,12
2019,11,201911,울산,2809,391,53,5
2019,11,201911,세종,796,144,12,6
2019,11,201911,경기,27310,5630,721,115
2019,11,201911,강원,3472,398,128,11
2019,11,201911,충북,3779,397,148,22
2019,11,201911,충남,4776,551,123,27
2019,11,201911,전북,3721,386,116,16
2019,11,201911,전남,4839,520,171,11
2019,11,201911,경북,4972,596,136,18
2019,11,201911,경남,7762,1486,197,19
2019,11,201911,제주,7979,425,203,3
2019,12,201912,서울,12522,5791,439,38
2019,12,201912,부산,6047,3984,145,10
2019,12,201912,대구,4157,2614,82,12
2019,12,201912,인천,12364,4456,299,16
2019,12,201912,광주,2576,601,40,9
2019,12,201912,대전,2918,674,59,11
2019,12,201912,울산,2734,321,69,4
2019,12,201912,세종,761,205,24,2
2019,12,201912,경기,25197,6605,721,141
2019,12,201912,강원,2928,464,86,11
2019,12,201912,충북,3864,501,90,17
2019,12,201912,충남,4498,657,134,22
2019,12,201912,전북,3480,488,140,16
2019,12,201912,전남,4298,554,160,16
2019,12,201912,경북,4592,708,120,18
2019,12,201912,경남,7932,1650,149,41
2019,12,201912,제주,7437,456,146,3
2020,1,202001,서울,10653,2870,381,40
2020,1,202001,부산,4973,2016,131,7
2020,1,202001,대구,3556,1670,94,9
2020,1,202001,인천,9893,2709,256,17
2020,1,202001,광주,2418,339,39,8
2020,1,202001,대전,2320,362,61,9
2020,1,202001,울산,2461,156,48,4
2020,1,202001,세종,609,116,8,4
2020,1,202001,경기,22969,3468,706,70
2020,1,202001,강원,2936,280,89,14
2020,1,202001,충북,3279,280,101,14
2020,1,202001,충남,4249,408,145,17
2020,1,202001,전북,2960,290,104,12
2020,1,202001,전남,7114,380,129,11
2020,1,202001,경북,4256,420,139,20
2020,1,202001,경남,6965,1143,154,16
2020,1,202001,제주,7855,285,193,2
2020,2,202002,서울,7217,3844,260,39
2020,2,202002,부산,4362,2074,123,12
2020,2,202002,대구,2261,1583,51,15
2020,2,202002,인천,7708,2718,151,25
2020,2,202002,광주,1712,274,17,10
2020,2,202002,대전,1705,341,29,22
2020,2,202002,울산,1529,159,56,7
2020,2,202002,세종,436,115,12,5
2020,2,202002,경기,16214,3724,554,110
2020,2,202002,강원,2013,213,78,19
2020,2,202002,충북,2204,234,66,26
2020,2,202002,충남,2873,360,89,23
2020,2,202002,전북,2070,262,57,12
2020,2,202002,전남,3638,332,184,17
2020,2,202002,경북,2851,342,113,25
2020,2,202002,경남,5719,1256,119,36
2020,2,202002,제주,5519,326,67,3
2020,3,202003,서울,12453,4112,384,22
2020,3,202003,부산,6135,2755,135,6
2020,3,202003,대구,3477,1959,83,8
2020,3,202003,인천,12998,3318,178,16
2020,3,202003,광주,2896,502,43,5
2020,3,202003,대전,2803,522,52,11
2020,3,202003,울산,2743,246,48,7
2020,3,202003,세종,747,185,8,4
2020,3,202003,경기,27196,5250,682,52
2020,3,202003,강원,3629,387,86,7
2020,3,202003,충북,3482,312,70,4
2020,3,202003,충남,4725,537,144,15
2020,3,202003,전북,3767,455,85,6
2020,3,202003,전남,6102,482,133,6
2020,3,202003,경북,4251,457,138,10
2020,3,202003,경남,8932,1172,152,11
2020,3,202003,제주,9280,303,118,2
2020,4,202004,서울,13480,4099,438,27
2020,4,202004,부산,6320,2553,139,23
2020,4,202004,대구,3873,2214,105,9
2020,4,202004,인천,12834,3785,197,8
2020,4,202004,광주,3175,474,56,10
2020,4,202004,대전,3073,461,73,16
2020,4,202004,울산,3070,224,60,2
2020,4,202004,세종,704,175,9,5
2020,4,202004,경기,26926,4848,635,74
2020,4,202004,강원,3550,375,92,7
2020,4,202004,충북,3793,375,106,20
2020,4,202004,충남,5249,543,115,17
2020,4,202004,전북,4133,405,84,9
2020,4,202004,전남,5944,422,207,8
2020,4,202004,경북,4550,442,131,21
2020,4,202004,경남,8495,1239,164,25
2020,4,202004,제주,7549,378,121,1
2020,5,202005,서울,14324,4059,286,20
2020,5,202005,부산,6373,2705,138,8
2020,5,202005,대구,5084,2172,108,12
2020,5,202005,인천,12086,4042,181,21
2020,5,202005,광주,3537,509,49,8
2020,5,202005,대전,3628,514,49,9
2020,5,202005,울산,3095,231,52,1
2020,5,202005,세종,881,154,3,4
2020,5,202005,경기,29213,5060,620,75
2020,5,202005,강원,3726,379,113,14
2020,5,202005,충북,3983,438,104,11
2020,5,202005,충남,5223,562,106,13
2020,5,202005,전북,4119,405,135,9
2020,5,202005,전남,6268,406,148,10
2020,5,202005,경북,4939,490,155,14
2020,5,202005,경남,8636,1301,175,12
2020,5,202005,제주,7865,346,110,2
2020,6,202006,서울,17619,5742,382,37
2020,6,202006,부산,7721,3090,210,17
2020,6,202006,대구,5899,2198,101,7
2020,6,202006,인천,15456,5523,253,3
2020,6,202006,광주,4136,634,61,6
2020,6,202006,대전,3960,680,96,10
2020,6,202006,울산,3659,573,67,1
2020,6,202006,세종,1072,202,10,1
2020,6,202006,경기,36594,6407,680,70
2020,6,202006,강원,4653,494,113,7
2020,6,202006,충북,4637,533,121,15
2020,6,202006,충남,6310,689,143,14
2020,6,202006,전북,4752,543,107,10
2020,6,202006,전남,7704,543,294,12
2020,6,202006,경북,6110,652,212,17
2020,6,202006,경남,11262,1624,217,20
2020,6,202006,제주,8025,436,181,0
2020,7,202007,서울,14415,3603,364,26
2020,7,202007,부산,6165,2288,166,6
2020,7,202007,대구,4592,1674,89,5
2020,7,202007,인천,15181,3438,241,14
2020,7,202007,광주,3012,368,53,8
2020,7,202007,대전,3049,390,37,3
2020,7,202007,울산,3744,200,59,3
2020,7,202007,세종,790,132,7,0
2020,7,202007,경기,29031,4355,581,57
2020,7,202007,강원,3858,311,122,9
2020,7,202007,충북,3889,300,85,9
2020,7,202007,충남,5184,415,126,7
2020,7,202007,전북,3588,331,99,3
2020,7,202007,전남,7275,412,250,6
2020,7,202007,경북,4905,404,218,11
2020,7,202007,경남,9494,1027,187,7
2020,7,202007,제주,8849,360,163,3
2020,8,202008,서울,9761,4457,245,16
2020,8,202008,부산,4783,2824,129,8
2020,8,202008,대구,3106,2161,60,2
2020,8,202008,인천,9382,3884,140,3
2020,8,202008,광주,2134,470,44,6
2020,8,202008,대전,2242,501,44,5
2020,8,202008,울산,2448,233,24,1
2020,8,202008,세종,567,166,4,0
2020,8,202008,경기,19947,5274,314,35
2020,8,202008,강원,2800,358,62,6
2020,8,202008,충북,2802,374,61,8
2020,8,202008,충남,3660,519,112,13
2020,8,202008,전북,2690,394,70,2
2020,8,202008,전남,5360,408,101,4
2020,8,202008,경북,3537,520,97,10
2020,8,202008,경남,6197,1258,101,6
2020,8,202008,제주,5744,340,90,2
2020,9,202009,서울,13484,4741,224,11
2020,9,202009,부산,6105,2654,115,6
2020,9,202009,대구,4469,2080,68,5
2020,9,202009,인천,12902,3887,102,6
2020,9,202009,광주,3142,441,50,2
2020,9,202009,대전,3195,552,49,8
2020,9,202009,울산,3123,263,34,0
2020,9,202009,세종,828,206,7,1
2020,9,202009,경기,28460,5693,471,68
2020,9,202009,강원,3546,388,87,4
2020,9,202009,충북,3875,447,73,1
2020,9,202009,충남,5202,576,114,4
2020,9,202009,전북,3756,392,69,3
2020,9,202009,전남,6525,402,111,3
2020,9,202009,경북,4867,530,103,6
2020,9,202009,경남,8493,1363,108,8
2020,9,202009,제주,7874,423,128,0
2020,10,202010,서울,11808,4339,305,10
2020,10,202010,부산,5375,2747,133,5
2020,10,202010,대구,4093,1960,100,1
2020,10,202010,인천,10962,3934,136,16
2020,10,202010,광주,2649,507,40,2
2020,10,202010,대전,2962,569,56,4
2020,10,202010,울산,2756,239,36,2
2020,10,202010,세종,826,202,6,1
2020,10,202010,경기,25153,5589,448,28
2020,10,202010,강원,3030,420,75,9
2020,10,202010,충북,3300,446,78,5
2020,10,202010,충남,4478,627,106,9
2020,10,202010,전북,3261,423,67,1
2020,10,202010,전남,5741,456,133,2
2020,10,202010,경북,4423,557,132,4
2020,10,202010,경남,8154,1482,133,5
2020,10,202010,제주,6776,385,126,2
2020,11,202011,서울,13213,4935,354,9
2020,11,202011,부산,6104,3224,97,9
2020,11,202011,대구,4483,2088,73,1
2020,11,202011,인천,11902,4734,212,10
2020,11,202011,광주,3119,562,62,0
2020,11,202011,대전,3118,680,32,2
2020,11,202011,울산,3099,299,45,2
2020,11,202011,세종,876,241,4,0
2020,11,202011,경기,27933,6529,596,28
2020,11,202011,강원,3286,448,68,6
2020,11,202011,충북,3545,498,116,4
2020,11,202011,충남,4815,765,103,3
2020,11,202011,전북,3340,492,114,5
2020,11,202011,전남,6112,541,162,3
2020,11,202011,경북,5014,664,115,7
2020,11,202011,경남,8864,1478,144,6
2020,11,202011,제주,6983,444,153,3
2020,12,202012,서울,12711,5799,470,69
2020,12,202012,부산,5747,3446,117,1
2020,12,202012,대구,3989,2252,40,76
2020,12,202012,인천,11893,5265,202,14
2020,12,202012,광주,2565,579,80,2
2020,12,202012,대전,2562,706,65,4
2020,12,202012,울산,3222,348,44,2
2020,12,202012,세종,764,253,14,3
2020,12,202012,경기,24876,7317,490,84
2020,12,202012,강원,2881,504,70,8
2020,12,202012,충북,3083,542,97,4
2020,12,202012,충남,4459,784,96,7
2020,12,202012,전북,2742,540,76,1
2020,12,202012,전남,5341,553,145,4
2020,12,202012,경북,4443,634,154,4
2020,12,202012,경남,8769,1793,196,26
2020,12,202012,제주,6105,497,111,2
2021,1,202101,서울,11867,3441,198,28
2021,1,202101,부산,6217,2683,70,5
2021,1,202101,대구,4287,1427,38,2
2021,1,202101,인천,9975,4376,124,8
2021,1,202101,광주,2737,497,29,0
2021,1,202101,대전,2700,496,74,3
2021,1,202101,울산,3191,236,21,0
2021,1,202101,세종,769,198,26,1
2021,1,202101,경기,25344,4586,368,19
2021,1,202101,강원,3170,333,64,3
2021,1,202101,충북,3544,406,34,1
2021,1,202101,충남,4650,457,88,5
2021,1,202101,전북,3300,384,74,3
2021,1,202101,전남,7241,427,107,3
2021,1,202101,경북,5092,455,111,2
2021,1,202101,경남,9018,1375,135,23
2021,1,202101,제주,6262,306,109,2
2021,2,202102,서울,8931,3566,173,20
2021,2,202102,부산,4381,2774,63,5
2021,2,202102,대구,3024,1578,44,2
2021,2,202102,인천,7897,3892,58,28
2021,2,202102,광주,2013,448,13,1
2021,2,202102,대전,1982,499,36,0
2021,2,202102,울산,2298,237,32,3
2021,2,202102,세종,564,188,6,0
2021,2,202102,경기,19745,4972,304,37
2021,2,202102,강원,2370,360,62,1
2021,2,202102,충북,2620,476,51,1
2021,2,202102,충남,3343,518,58,6
2021,2,202102,전북,2534,374,42,5
2021,2,202102,전남,6369,423,48,4
2021,2,202102,경북,3494,528,65,1
2021,2,202102,경남,7052,1343,73,13
2021,2,202102,제주,5817,358,52,0
2021,3,202103,서울,11866,5376,164,21
2021,3,202103,부산,5969,3742,82,6
2021,3,202103,대구,3995,2005,56,3
2021,3,202103,인천,10474,4711,90,7
2021,3,202103,광주,2472,630,33,1
2021,3,202103,대전,2675,643,43,7
2021,3,202103,울산,2930,336,18,2
2021,3,202103,세종,744,264,21,0
2021,3,202103,경기,25594,7368,377,62
2021,3,202103,강원,3286,495,69,4
2021,3,202103,충북,3370,564,75,5
2021,3,202103,충남,4584,744,74,9
2021,3,202103,전북,3285,601,75,7
2021,3,202103,전남,7935,599,84,1
2021,3,202103,경북,4371,686,112,3
2021,3,202103,경남,8731,1684,144,5
2021,3,202103,제주,7573,573,93,2
2021,4,202104,서울,12295,4215,150,17
2021,4,202104,부산,6543,3281,79,5
2021,4,202104,대구,3981,1799,65,4
2021,4,202104,인천,12020,4149,60,8
2021,4,202104,광주,2609,531,21,0
2021,4,202104,대전,2601,543,39,1
2021,4,202104,울산,2874,301,28,3
2021,4,202104,세종,767,202,12,0
2021,4,202104,경기,25178,5699,345,45
2021,4,202104,강원,3368,414,39,9
2021,4,202104,충북,3358,441,60,5
2021,4,202104,충남,4747,587,69,4
2021,4,202104,전북,3253,434,49,3
2021,4,202104,전남,8293,504,79,6
2021,4,202104,경북,4619,563,64,1
2021,4,202104,경남,7998,1694,99,2
2021,4,202104,제주,8400,560,36,2
2021,5,202105,서울,10452,4876,366,24
2021,5,202105,부산,6026,3607,154,2
2021,5,202105,대구,3679,2044,92,3
2021,5,202105,인천,9966,3962,119,10
2021,5,202105,광주,2521,587,57,1
2021,5,202105,대전,2536,564,51,5
2021,5,202105,울산,2497,252,54,0
2021,5,202105,세종,678,223,15,1
2021,5,202105,경기,21949,6612,540,22
2021,5,202105,강원,2979,513,71,7
2021,5,202105,충북,3130,429,95,5
2021,5,202105,충남,4064,684,102,4
2021,5,202105,전북,2855,410,87,0
2021,5,202105,전남,6801,499,135,3
2021,5,202105,경북,4170,622,131,4
2021,5,202105,경남,6519,1624,152,3
2021,5,202105,제주,6635,486,124,4
2021,6,202106,서울,11885,4957,214,27
2021,6,202106,부산,6924,3892,138,6
2021,6,202106,대구,3962,2198,68,2
2021,6,202106,인천,11950,4881,160,5
2021,6,202106,광주,2580,644,37,1
2021,6,202106,대전,2762,727,49,4
2021,6,202106,울산,2732,279,39,0
2021,6,202106,세종,683,243,8,3
2021,6,202106,경기,24831,7217,495,43
2021,6,202106,강원,3284,555,87,9
2021,6,202106,충북,3355,590,71,1
2021,6,202106,충남,4340,843,105,8
2021,6,202106,전북,3076,678,84,2
2021,6,202106,전남,7877,601,279,3
2021,6,202106,경북,4490,679,131,1
2021,6,202106,경남,7083,1948,113,4
2021,6,202106,제주,8065,486,156,4
2021,7,202107,서울,11525,3904,205,25
2021,7,202107,부산,6827,3046,100,6
2021,7,202107,대구,3972,1749,68,2
2021,7,202107,인천,11346,4337,246,6
2021,7,202107,광주,2661,537,48,0
2021,7,202107,대전,2839,480,42,2
2021,7,202107,울산,2564,256,38,0
2021,7,202107,세종,729,177,18,3
2021,7,202107,경기,25170,5437,469,74
2021,7,202107,강원,3259,360,79,5
2021,7,202107,충북,3531,405,78,5
2021,7,202107,충남,4622,572,128,2
2021,7,202107,전북,3175,372,62,5
2021,7,202107,전남,6860,444,146,2
2021,7,202107,경북,4400,586,92,2
2021,7,202107,경남,7150,1529,119,12
2021,7,202107,제주,7564,442,150,4
2021,8,202108,서울,9658,4284,169,14
2021,8,202108,부산,5270,2911,80,10
2021,8,202108,대구,2908,1675,26,1
2021,8,202108,인천,8175,3781,110,3
2021,8,202108,광주,2083,484,15,2
2021,8,202108,대전,2144,633,27,6
2021,8,202108,울산,1874,227,37,1
2021,8,202108,세종,564,174,4,1
2021,8,202108,경기,18767,5705,280,26
2021,8,202108,강원,2590,422,35,7
2021,8,202108,충북,2662,444,55,2
2021,8,202108,충남,3373,548,65,4
2021,8,202108,전북,2607,430,52,2
2021,8,202108,전남,5729,436,93,1
2021,8,202108,경북,3400,506,67,0
2021,8,202108,경남,5356,1399,61,7
2021,8,202108,제주,5196,369,75,0
2021,9,202109,서울,9534,3941,132,11
2021,9,202109,부산,5358,2704,62,6
2021,9,202109,대구,2997,1572,55,0
2021,9,202109,인천,8236,3439,83,9
2021,9,202109,광주,1927,455,32,3
2021,9,202109,대전,2153,523,34,0
2021,9,202109,울산,1966,208,25,0
2021,9,202109,세종,561,161,4,0
2021,9,202109,경기,17950,5059,290,32
2021,9,202109,강원,2378,428,57,3
2021,9,202109,충북,2559,381,56,8
2021,9,202109,충남,3102,476,59,6
2021,9,202109,전북,2380,366,42,2
2021,9,202109,전남,5268,397,71,4
2021,9,202109,경북,3050,486,80,1
2021,9,202109,경남,5192,1289,72,4
2021,9,202109,제주,5585,368,80,6
2021,10,202110,서울,10292,2848,168,15
2021,10,202110,부산,5582,2331,75,7
2021,10,202110,대구,3637,1433,42,0
2021,10,202110,인천,8219,3141,92,6
2021,10,202110,광주,2058,410,40,2
2021,10,202110,대전,2557,393,36,1
2021,10,202110,울산,2098,199,41,1
2021,10,202110,세종,596,164,9,1
2021,10,202110,경기,20426,4376,334,28
2021,10,202110,강원,2825,326,44,11
2021,10,202110,충북,2749,335,52,1
2021,10,202110,충남,3644,457,84,2
2021,10,202110,전북,2653,301,38,3
2021,10,202110,전남,5768,421,80,3
2021,10,202110,경북,3473,437,70,2
2021,10,202110,경남,6367,1137,71,6
2021,10,202110,제주,5743,319,84,1
2021,11,202111,서울,12701,3907,199,25
2021,11,202111,부산,6702,2286,79,6
2021,11,202111,대구,3514,1468,60,2
2021,11,202111,인천,9471,3385,105,3
2021,11,202111,광주,2187,330,34,1
2021,11,202111,대전,2249,387,48,1
2021,11,202111,울산,2323,198,20,2
2021,11,202111,세종,668,146,6,0
2021,11,202111,경기,22818,4424,400,69
2021,11,202111,강원,3021,351,48,12
2021,11,202111,충북,2952,403,40,3
2021,11,202111,충남,3978,473,123,5
2021,11,202111,전북,2866,325,54,3
2021,11,202111,전남,6709,354,264,3
2021,11,202111,경북,4177,515,85,5
2021,11,202111,경남,6666,1304,65,10
2021,11,202111,제주,7126,312,69,4
2021,12,202112,서울,11660,3285,192,73
2021,12,202112,부산,7030,2661,128,8
2021,12,202112,대구,3181,1699,92,1
2021,12,202112,인천,10294,6050,77,17
2021,12,202112,광주,2186,410,51,2
2021,12,202112,대전,2068,389,47,4
2021,12,202112,울산,2286,244,32,1
2021,12,202112,세종,740,178,11,1
2021,12,202112,경기,20954,4904,483,167
2021,12,202112,강원,2699,315,68,11
2021,12,202112,충북,2900,349,78,4
2021,12,202112,충남,3510,487,118,15
2021,12,202112,전북,2337,358,84,3
2021,12,202112,전남,8088,410,144,3
2021,12,202112,경북,3547,475,103,2
2021,12,202112,경남,6538,1408,122,9
2021,12,202112,제주,6751,362,41,18
2022,1,202201,서울,10064,2579,184,64
2022,1,202201,부산,6374,2241,69,9
2022,1,202201,대구,3266,1227,69,2
2022,1,202201,인천,11280,3073,87,4
2022,1,202201,광주,2192,362,37,1
2022,1,202201,대전,2152,379,30,3
2022,1,202201,울산,2363,168,27,1
2022,1,202201,세종,684,136,2,1
2022,1,202201,경기,21592,3791,288,79
2022,1,202201,강원,2649,250,52,6
2022,1,202201,충북,2790,297,54,10
2022,1,202201,충남,3858,359,87,3
2022,1,202201,전북,2840,269,37,3
2022,1,202201,전남,5523,338,57,5
2022,1,202201,경북,3944,386,87,2
2022,1,202201,경남,6162,1074,71,10
2022,1,202201,제주,6353,263,44,12
2022,2,202202,서울,7823,2864,189,56
2022,2,202202,부산,5894,2604,73,8
2022,2,202202,대구,2707,1593,28,0
2022,2,202202,인천,7708,3530,74,8
2022,2,202202,광주,1794,365,33,2
2022,2,202202,대전,1742,379,19,2
2022,2,202202,울산,1924,164,30,0
2022,2,202202,세종,445,141,4,1
2022,2,202202,경기,16538,4070,248,73
2022,2,202202,강원,1997,253,34,4
2022,2,202202,충북,2265,318,41,2
2022,2,202202,충남,2900,411,37,5
2022,2,202202,전북,2048,289,15,3
2022,2,202202,전남,6036,401,39,4
2022,2,202202,경북,2897,376,42,6
2022,2,202202,경남,5610,1311,43,12
2022,2,202202,제주,5394,340,32,2
2022,3,202203,서울,9598,4039,189,28
2022,3,202203,부산,6866,3586,75,10
2022,3,202203,대구,3039,1977,50,2
2022,3,202203,인천,10861,4620,90,15
2022,3,202203,광주,2076,503,16,2
2022,3,202203,대전,2252,560,21,1
2022,3,202203,울산,2108,259,36,1
2022,3,202203,세종,644,212,3,1
2022,3,202203,경기,20697,6056,269,69
2022,3,202203,강원,2641,429,43,4
2022,3,202203,충북,3034,611,21,5
2022,3,202203,충남,3720,730,51,8
2022,3,202203,전북,2840,467,20,2
2022,3,202203,전남,7366,519,68,5
2022,3,202203,경북,3674,582,37,22
2022,3,202203,경남,7096,1885,65,6
2022,3,202203,제주,6451,466,51,1
2022,4,202204,서울,10129,3666,211,25
2022,4,202204,부산,6124,3096,93,13
2022,4,202204,대구,3286,1760,39,5
2022,4,202204,인천,10546,3892,103,12
2022,4,202204,광주,2171,471,45,5
2022,4,202204,대전,2916,526,24,4
2022,4,202204,울산,2269,211,34,1
2022,4,202204,세종,753,134,4,0
2022,4,202204,경기,22545,4750,292,106
2022,4,202204,강원,2873,423,47,12
2022,4,202204,충북,3131,390,27,3
2022,4,202204,충남,3785,478,67,9
2022,4,202204,전북,2651,380,45,5
2022,4,202204,전남,7773,512,102,0
2022,4,202204,경북,3841,526,63,9
2022,4,202204,경남,7754,1664,63,2
2022,4,202204,제주,7356,421,86,5
2022,5,202205,서울,10393,3808,211,10
2022,5,202205,부산,6094,2872,75,2
2022,5,202205,대구,3489,1978,54,1
2022,5,202205,인천,10235,4806,119,10
2022,5,202205,광주,2262,464,57,1
2022,5,202205,대전,2642,545,64,1
2022,5,202205,울산,2289,223,32,0
2022,5,202205,세종,632,187,15,0
2022,5,202205,경기,22256,5283,441,47
2022,5,202205,강원,2763,416,67,7
2022,5,202205,충북,2911,542,71,5
2022,5,202205,충남,3818,559,91,5
2022,5,202205,전북,2468,358,64,5
2022,5,202205,전남,7584,426,143,5
2022,5,202205,경북,3873,569,90,2
2022,5,202205,경남,7736,1839,95,3
2022,5,202205,제주,7088,489,78,2
2022,6,202206,서울,9273,3623,294,15
2022,6,202206,부산,6122,3048,98,4
2022,6,202206,대구,3116,2062,56,0
2022,6,202206,인천,9636,4499,154,8
2022,6,202206,광주,2110,484,75,0
2022,6,202206,대전,2006,480,54,2
2022,6,202206,울산,2128,204,63,0
2022,6,202206,세종,629,172,22,0
2022,6,202206,경기,20622,5239,501,93
2022,6,202206,강원,2584,384,72,7
2022,6,202206,충북,2580,426,57,0
2022,6,202206,충남,3604,677,91,2
2022,6,202206,전북,2408,421,57,0
2022,6,202206,전남,7172,482,137,0
2022,6,202206,경북,3333,476,91,3
2022,6,202206,경남,7998,1695,110,2
2022,6,202206,제주,5996,480,65,0
2022,7,202207,서울,10953,3170,210,17
2022,7,202207,부산,6566,2372,117,6
2022,7,202207,대구,3945,1607,46,0
2022,7,202207,인천,10451,3679,220,8
2022,7,202207,광주,2383,393,39,0
2022,7,202207,대전,2747,497,32,0
2022,7,202207,울산,2501,223,25,0
2022,7,202207,세종,660,165,16,1
2022,7,202207,경기,23495,4625,468,32
2022,7,202207,강원,2967,369,67,3
2022,7,202207,충북,3385,391,56,0
2022,7,202207,충남,4246,559,94,0
2022,7,202207,전북,2729,376,77,0
2022,7,202207,전남,7691,411,116,3
2022,7,202207,경북,4390,456,99,1
2022,7,202207,경남,9341,1588,86,0
2022,7,202207,제주,7312,540,136,0
2022,8,202208,서울,9057,4141,229,21
2022,8,202208,부산,5526,2739,132,2
2022,8,202208,대구,2967,2068,64,2
2022,8,202208,인천,9057,4453,215,4
2022,8,202208,광주,1955,535,48,1
2022,8,202208,대전,2173,673,35,0
2022,8,202208,울산,1964,207,40,0
2022,8,202208,세종,495,180,8,0
2022,8,202208,경기,19261,6246,406,19
2022,8,202208,강원,2612,506,53,6
2022,8,202208,충북,2624,571,57,3
2022,8,202208,충남,3263,636,82,1
2022,8,202208,전북,2676,455,59,0
2022,8,202208,전남,5549,519,186,0
2022,8,202208,경북,3331,618,82,1
2022,8,202208,경남,6730,2009,105,4
2022,8,202208,제주,5823,601,117,2
2022,9,202209,서울,9856,4394,200,9
2022,9,202209,부산,5962,2919,81,1
2022,9,202209,대구,3365,1676,46,1
2022,9,202209,인천,8912,4177,107,1
2022,9,202209,광주,2223,527,49,0
2022,9,202209,대전,2505,624,30,0
2022,9,202209,울산,2423,286,37,0
2022,9,202209,세종,598,177,6,0
2022,9,202209,경기,21745,6442,345,58
2022,9,202209,강원,2640,446,55,3
2022,9,202209,충북,2833,511,63,3
2022,9,202209,충남,3849,645,78,0
2022,9,202209,전북,2741,498,50,0
2022,9,202209,전남,6285,515,105,1
2022,9,202209,경북,3984,642,70,2
2022,9,202209,경남,6369,2016,65,3
2022,9,202209,제주,5793,791,55,1
2022,10,202210,서울,9796,3639,211,14
2022,10,202210,부산,6202,3062,82,5
2022,10,202210,대구,3303,1569,64,1
2022,10,202210,인천,9243,4163,180,6
2022,10,202210,광주,2199,493,36,0
2022,10,202210,대전,2209,603,53,1
2022,10,202210,울산,2536,248,29,0
2022,10,202210,세종,579,157,5,0
2022,10,202210,경기,21135,5565,378,30
2022,10,202210,강원,2686,416,54,1
2022,10,202210,충북,2813,416,44,0
2022,10,202210,충남,3451,596,79,1
2022,10,202210,전북,2555,405,55,1
2022,10,202210,전남,7191,519,143,1
2022,10,202210,경북,3873,566,87,3
2022,10,202210,경남,6844,2238,80,2
2022,10,202210,제주,6299,734,77,1
2022,11,202211,서울,11558,4872,312,38
2022,11,202211,부산,7207,3070,133,2
2022,11,202211,대구,3928,1528,101,4
2022,11,202211,인천,10116,4433,216,4
2022,11,202211,광주,2533,578,42,0
2022,11,202211,대전,2636,674,46,4
2022,11,202211,울산,2689,295,51,0
2022,11,202211,세종,707,207,6,0
2022,11,202211,경기,24621,6736,448,79
2022,11,202211,강원,3344,564,87,4
2022,11,202211,충북,3059,557,83,0
2022,11,202211,충남,4320,717,168,0
2022,11,202211,전북,2892,490,109,0
2022,11,202211,전남,7211,542,160,0
2022,11,202211,경북,4710,702,122,4
2022,11,202211,경남,7289,2920,107,21
2022,11,202211,제주,6523,725,127,1
2022,12,202212,서울,11751,4871,305,19
2022,12,202212,부산,6366,2920,176,3
2022,12,202212,대구,3337,1322,56,1
2022,12,202212,인천,7387,4243,158,7
2022,12,202212,광주,2330,616,38,0
2022,12,202212,대전,2347,619,33,7
2022,12,202212,울산,2745,290,37,1
2022,12,202212,세종,536,206,24,0
2022,12,202212,경기,22123,6910,685,108
2022,12,202212,강원,2894,544,90,1
2022,12,202212,충북,2807,569,73,2
2022,12,202212,충남,3776,677,118,5
2022,12,202212,전북,2725,517,101,1
2022,12,202212,전남,5667,564,147,0
2022,12,202212,경북,4105,706,88,0
2022,12,202212,경남,7180,3715,123,4
2022,12,202212,제주,5492,554,114,0
2023,1,202301,서울,11400,2702,208,25
2023,1,202301,부산,6769,1843,126,3
2023,1,202301,대구,4251,806,42,0
2023,1,202301,인천,8223,2599,144,7
2023,1,202301,광주,2780,310,23,1
2023,1,202301,대전,2640,357,35,0
2023,1,202301,울산,3536,156,40,0
2023,1,202301,세종,664,121,3,0
2023,1,202301,경기,25872,3648,398,35
2023,1,202301,강원,3345,261,61,0
2023,1,202301,충북,3558,284,68,1
2023,1,202301,충남,5004,411,113,2
2023,1,202301,전북,3434,278,60,0
2023,1,202301,전남,6385,375,126,0
2023,1,202301,경북,5037,418,97,3
2023,1,202301,경남,7300,1356,103,10
2023,1,202301,제주,5675,292,93,0
2023,2,202302,서울,9256,3430,239,20
2023,2,202302,부산,5714,2400,107,1
2023,2,202302,대구,3616,1159,62,1
2023,2,202302,인천,7660,3370,183,2
2023,2,202302,광주,2350,482,31,0
2023,2,202302,대전,2322,429,44,1
2023,2,202302,울산,3361,242,39,0
2023,2,202302,세종,584,168,6,1
2023,2,202302,경기,21342,4734,554,40
2023,2,202302,강원,2876,338,80,1
2023,2,202302,충북,3023,417,58,0
2023,2,202302,충남,3954,533,120,1
2023,2,202302,전북,2997,363,58,0
2023,2,202302,전남,6743,437,139,2
2023,2,202302,경북,4301,512,125,1
2023,2,202302,경남,6864,2265,125,0
2023,2,202302,제주,5445,395,91,1
2023,3,202303,서울,12730,4258,282,21
2023,3,202303,부산,7296,2867,122,2
2023,3,202303,대구,4069,1372,76,0
2023,3,202303,인천,8852,3395,264,4
2023,3,202303,광주,2784,494,52,0
2023,3,202303,대전,2801,483,51,0
2023,3,202303,울산,3762,285,58,0
2023,3,202303,세종,795,184,6,0
2023,3,202303,경기,28974,5937,575,34
2023,3,202303,강원,3875,399,113,1
2023,3,202303,충북,4152,448,86,0
2023,3,202303,충남,5628,697,170,1
2023,3,202303,전북,4407,482,78,1
2023,3,202303,전남,8099,505,187,0
2023,3,202303,경북,5640,590,126,3
2023,3,202303,경남,8926,2143,150,1
2023,3,202303,제주,6828,490,121,3
2023,4,202304,서울,10889,3439,209,21
2023,4,202304,부산,6527,2587,118,3
2023,4,202304,대구,3585,1141,76,1
2023,4,202304,인천,8538,3230,154,2
2023,4,202304,광주,2424,398,34,0
2023,4,202304,대전,2380,384,44,0
2023,4,202304,울산,3390,231,50,1
2023,4,202304,세종,676,147,5,0
2023,4,202304,경기,24455,4734,564,16
2023,4,202304,강원,3140,342,101,2
2023,4,202304,충북,3363,364,78,0
2023,4,202304,충남,4507,460,119,1
2023,4,202304,전북,3361,405,68,0
2023,4,202304,전남,7847,474,153,0
2023,4,202304,경북,4764,516,101,0
2023,4,202304,경남,9394,1734,110,4
2023,4,202304,제주,6524,447,149,0
2023,5,202305,서울,11036,3216,240,33
2023,5,202305,부산,6490,2725,132,4
2023,5,202305,대구,3575,1213,44,0
2023,5,202305,인천,9185,3669,156,3
2023,5,202305,광주,2329,396,42,0
2023,5,202305,대전,2616,352,37,1
2023,5,202305,울산,2892,217,37,2
2023,5,202305,세종,680,144,20,0
2023,5,202305,경기,24410,4712,528,34
2023,5,202305,강원,3132,357,77,7
2023,5,202305,충북,3304,362,66,0
2023,5,202305,충남,4521,466,86,1
2023,5,202305,전북,3114,336,73,1
2023,5,202305,전남,8454,434,181,1
2023,5,202305,경북,4413,483,96,5
2023,5,202305,경남,9153,2193,127,4
2023,5,202305,제주,6612,436,92,0
2023,6,202306,서울,12224,4530,201,22
2023,6,202306,부산,6049,3919,95,3
2023,6,202306,대구,3859,1540,60,0
2023,6,202306,인천,9520,4508,198,3
2023,6,202306,광주,2448,521,60,1
2023,6,202306,대전,3595,536,32,4
2023,6,202306,울산,3279,296,31,0
2023,6,202306,세종,797,196,11,0
2023,6,202306,경기,26480,6430,613,118
2023,6,202306,충북,3468,494,98,2
2023,6,202306,충남,4787,606,117,1
2023,6,202306,전북,3493,453,114,0
2023,6,202306,전남,8459,545,151,0
2023,6,202306,경북,4708,672,148,4
2023,6,202306,경남,10716,2468,148,4
2023,6,202306,제주,7252,516,94,0
2023,6,202306,강원,3356,425,119,18
2023,7,202307,서울,10408,3309,186,46
2023,7,202307,부산,5982,2701,86,1
2023,7,202307,대구,3178,1108,88,0
2023,7,202307,인천,7965,3793,117,7
2023,7,202307,광주,2189,390,64,0
2023,7,202307,대전,2929,481,61,1
2023,7,202307,울산,2619,192,23,1
2023,7,202307,세종,675,127,15,1
2023,7,202307,경기,22705,4609,541,32
2023,7,202307,충북,3093,342,80,1
2023,7,202307,충남,4108,501,116,3
2023,7,202307,전북,2987,349,104,0
2023,7,202307,전남,6542,373,176,0
2023,7,202307,경북,4110,537,93,2
2023,7,202307,경남,10514,1707,128,2
2023,7,202307,제주,7551,449,72,3
2023,7,202307,강원,3132,333,63,5
2023,8,202308,서울,8651,3681,172,24
2023,8,202308,부산,5020,3504,95,4
2023,8,202308,대구,2832,1357,78,0
2023,8,202308,인천,6971,3930,125,11
2023,8,202308,광주,1868,423,51,1
2023,8,202308,대전,2532,453,33,0
2023,8,202308,울산,2170,254,37,0
2023,8,202308,세종,562,165,19,1
2023,8,202308,경기,19320,5260,439,65
2023,8,202308,충북,2724,447,80,4
2023,8,202308,충남,3622,581,91,2
2023,8,202308,전북,2494,407,90,0
2023,8,202308,전남,5287,437,104,4
2023,8,202308,경북,3406,510,96,0
2023,8,202308,경남,7644,1961,101,9
2023,8,202308,제주,6110,434,78,1
2023,8,202308,강원,2531,360,64,6
2023,9,202309,서울,9961,4145,189,22
2023,9,202309,부산,5757,3145,93,0
2023,9,202309,대구,3186,1675,55,0
2023,9,202309,인천,8349,4308,120,13
2023,9,202309,광주,2268,477,34,0
2023,9,202309,대전,3115,601,51,1
2023,9,202309,울산,2502,282,44,1
2023,9,202309,세종,635,267,20,0
2023,9,202309,경기,22485,6555,514,93
2023,9,202309,충북,3066,534,80,1
2023,9,202309,충남,4035,663,110,0
2023,9,202309,전북,3002,505,90,0
2023,9,202309,전남,5862,477,106,0
2023,9,202309,경북,3997,539,96,1
2023,9,202309,경남,7689,2024,104,3
2023,9,202309,제주,7507,492,71,4
2023,9,202309,강원,2971,467,74,3
2023,10,202310,서울,9695,3922,191,15
2023,10,202310,부산,5354,3191,95,2
2023,10,202310,대구,3080,1482,57,2
2023,10,202310,인천,7734,3638,130,6
2023,10,202310,광주,2346,474,41,0
2023,10,202310,대전,2880,498,38,1
2023,10,202310,울산,2941,256,37,0
2023,10,202310,세종,636,172,3,0
2023,10,202310,경기,21902,5547,563,117
2023,10,202310,충북,3085,462,85,7
2023,10,202310,충남,4349,591,92,4
2023,10,202310,전북,2909,436,88,2
2023,10,202310,전남,5543,440,105,1
2023,10,202310,경북,3647,463,90,1
2023,10,202310,경남,8017,1791,127,11
2023,10,202310,제주,6634,436,59,0
2023,10,202310,강원,2885,376,80,0
2023,11,202311,서울,11088,4291,231,31
2023,11,202311,부산,6063,3936,100,2
2023,11,202311,대구,3747,1847,73,0
2023,11,202311,인천,8373,4238,145,11
2023,11,202311,광주,2673,531,29,0
2023,11,202311,대전,3850,621,28,1
2023,11,202311,울산,3371,333,55,0
2023,11,202311,세종,745,141,17,0
2023,11,202311,경기,24889,6362,558,132
2023,11,202311,충북,3497,455,83,16
2023,11,202311,충남,4628,590,111,2
2023,11,202311,전북,3505,536,81,0
2023,11,202311,전남,6763,578,84,3
2023,11,202311,경북,4639,629,177,0
2023,11,202311,경남,8871,2070,133,18
2023,11,202311,제주,7164,535,78,2
2023,11,202311,강원,3302,478,76,8
2023,12,202312,서울,8765,4272,347,35
2023,12,202312,부산,5024,4076,126,2
2023,12,202312,대구,2741,1626,69,0
2023,12,202312,인천,7470,5397,214,25
2023,12,202312,광주,1865,492,38,0
2023,12,202312,대전,3099,504,42,0
2023,12,202312,울산,2305,236,47,0
2023,12,202312,세종,526,210,4,0
2023,12,202312,경기,18885,5638,582,376
2023,12,202312,충북,2629,481,72,4
2023,12,202312,충남,3689,580,109,0
2023,12,202312,전북,2538,424,111,0
2023,12,202312,전남,5852,491,126,1
2023,12,202312,경북,3643,606,130,1
2023,12,202312,경남,7334,2323,162,4
2023,12,202312,제주,6247,452,75,3
2023,12,202312,강원,2440,477,56,3
2024,1,202401,서울,11776,2078,216,31
2024,1,202401,부산,6697,1881,94,0
2024,1,202401,대구,3897,744,55,1
2024,1,202401,인천,8675,1902,161,1
2024,1,202401,광주,2677,248,34,0
2024,1,202401,대전,3807,262,48,1
2024,1,202401,울산,3418,128,43,0
2024,1,202401,세종,839,92,6,0
2024,1,202401,경기,27002,2860,438,36
2024,1,202401,충북,3800,227,88,2
2024,1,202401,충남,5127,304,118,0
2024,1,202401,전남,6784,229,119,1
2024,1,202401,경북,5086,333,117,1
2024,1,202401,경남,8961,1181,140,2
2024,1,202401,제주,6587,226,142,1
2024,1,202401,강원,3341,221,58,0
2024,1,202401,전북,3602,228,79,0
2024,2,202402,서울,8290,2562,229,22
2024,2,202402,부산,5253,2217,68,2
2024,2,202402,대구,2814,846,47,0
2024,2,202402,인천,7004,2400,143,4
2024,2,202402,광주,1961,334,34,0
2024,2,202402,대전,2533,313,33,0
2024,2,202402,울산,2206,157,45,0
2024,2,202402,세종,554,133,23,0
2024,2,202402,경기,19311,3642,346,35
2024,2,202402,충북,2595,284,73,0
2024,2,202402,충남,3537,390,104,1
2024,2,202402,전남,5804,323,109,1
2024,2,202402,경북,3543,408,96,1
2024,2,202402,경남,6594,1330,80,8
2024,2,202402,제주,4820,463,100,0
2024,2,202402,강원,2390,295,65,3
2024,2,202402,전북,2463,269,53,0
2024,3,202403,서울,9404,3841,155,57
2024,3,202403,부산,6133,3238,89,1
2024,3,202403,대구,3339,1246,49,0
2024,3,202403,인천,8503,3149,85,3
2024,3,202403,광주,2101,465,34,1
2024,3,202403,대전,3028,541,41,1
2024,3,202403,울산,2436,292,29,0
2024,3,202403,세종,659,188,14,0
2024,3,202403,경기,23098,6293,391,26
2024,3,202403,충북,3300,603,78,2
2024,3,202403,충남,4517,745,93,2
2024,3,202403,전남,7506,749,141,1
2024,3,202403,경북,4391,708,75,0
2024,3,202403,경남,8146,1953,104,1
2024,3,202403,제주,7152,411,136,1
2024,3,202403,강원,2837,444,50,1
2024,3,202403,전북,3066,509,85,1
2024,4,202404,서울,9694,3382,232,47
2024,4,202404,부산,6693,3316,92,2
2024,4,202404,대구,3302,1123,50,1
2024,4,202404,인천,9281,2902,140,2
2024,4,202404,광주,2256,440,38,0
2024,4,202404,대전,2883,463,50,2
2024,4,202404,울산,2502,225,42,0
2024,4,202404,세종,601,152,27,0
2024,4,202404,경기,23041,4881,474,57
2024,4,202404,충북,3277,468,71,2
2024,4,202404,충남,4638,559,102,3
2024,4,202404,전남,7636,547,335,8
2024,4,202404,경북,4239,522,113,1
2024,4,202404,경남,7690,1896,142,4
2024,4,202404,제주,8081,504,135,0
2024,4,202404,강원,3043,416,58,0
2024,4,202404,전북,2900,408,77,1
2024,5,202405,서울,9263,4274,195,23
2024,5,202405,부산,6685,3746,103,0
2024,5,202405,대구,3297,1384,64,0
2024,5,202405,인천,8388,3199,150,1
2024,5,202405,광주,2088,575,31,0
2024,5,202405,대전,2854,582,34,1
2024,5,202405,울산,2445,324,44,0
2024,5,202405,세종,548,175,36,0
2024,5,202405,경기,21867,6012,430,28
2024,5,202405,충북,3056,563,90,0
2024,5,202405,충남,4181,649,101,3
2024,5,202405,전남,6803,506,193,0
2024,5,202405,경북,3915,637,82,0
2024,5,202405,경남,8322,1956,99,2
2024,5,202405,제주,7378,561,144,0
2024,5,202405,강원,2846,511,60,0
2024,5,202405,전북,2903,499,66,1
2024,6,202406,서울,8971,4763,201,36
2024,6,202406,부산,6001,3711,127,2
2024,6,202406,대구,3034,1557,78,0
2024,6,202406,인천,8038,3487,212,3
2024,6,202406,광주,1995,550,38,0
2024,6,202406,대전,3344,669,55,2
2024,6,202406,울산,2239,349,37,0
2024,6,202406,세종,541,150,11,0
2024,6,202406,경기,19837,6367,436,31
2024,6,202406,충북,2778,606,77,3
2024,6,202406,충남,3829,599,111,1
2024,6,202406,전남,6198,490,149,4
2024,6,202406,경북,3523,708,80,0
2024,6,202406,경남,7308,2354,134,10
2024,6,202406,제주,7216,603,106,1
2024,6,202406,강원,2521,509,71,6
2024,6,202406,전북,2591,537,90,18
2024,7,202407,서울,10409,4105,275,18
2024,7,202407,부산,6776,3407,118,0
2024,7,202407,대구,3446,1314,65,1
2024,7,202407,인천,8620,3498,230,8
2024,7,202407,광주,2170,480,54,0
2024,7,202407,대전,2766,523,46,0
2024,7,202407,울산,2547,315,53,0
2024,7,202407,세종,625,172,8,9
2024,7,202407,경기,22510,5397,451,58
2024,7,202407,충북,3236,536,118,7
2024,7,202407,충남,4336,554,165,5
2024,7,202407,전남,6745,512,115,2
2024,7,202407,경북,4232,643,152,1
2024,7,202407,경남,9243,1929,148,6
2024,7,202407,제주,7809,503,121,0
2024,7,202407,강원,2978,425,106,1
2024,7,202407,전북,3243,516,84,1
2024,8,202408,서울,7378,4235,232,32
2024,8,202408,부산,5872,3470,94,2
2024,8,202408,대구,2564,1354,47,0
2024,8,202408,인천,7312,3147,167,1
2024,8,202408,광주,1605,443,25,0
2024,8,202408,대전,2120,596,39,3
2024,8,202408,울산,1954,299,43,0
2024,8,202408,세종,458,155,22,36
2024,8,202408,경기,17509,5845,431,46
2024,8,202408,충북,2428,570,64,1
2024,8,202408,충남,3395,656,121,0
2024,8,202408,전남,5803,493,93,2
2024,8,202408,경북,3021,643,90,1
2024,8,202408,경남,6678,1915,94,4
2024,8,202408,제주,5512,541,74,1
2024,8,202408,강원,2265,485,52,0
2024,8,202408,전북,2564,510,56,1
2024,9,202409,서울,8363,4286,220,7
2024,9,202409,부산,6316,3980,68,5
2024,9,202409,대구,2813,1458,59,0
2024,9,202409,인천,7842,3527,175,11
2024,9,202409,광주,1943,532,37,0
2024,9,202409,대전,2307,602,45,1
2024,9,202409,울산,2484,276,35,0
2024,9,202409,세종,541,172,5,2
2024,9,202409,경기,20177,5542,471,31
2024,9,202409,충북,2905,492,82,2
2024,9,202409,충남,3981,637,95,0
2024,9,202409,전남,6902,441,131,0
2024,9,202409,경북,3442,618,108,0
2024,9,202409,경남,7355,2734,95,0
2024,9,202409,제주,6382,469,98,0
2024,9,202409,강원,2533,463,54,0
2024,9,202409,전북,2786,513,57,1
2024,10,202410,서울,9616,3716,252,20
2024,10,202410,부산,7040,3374,145,14
2024,10,202410,대구,3244,1274,80,0
2024,10,202410,인천,9589,2891,271,40
2024,10,202410,광주,2402,437,37,0
2024,10,202410,대전,2792,453,63,0
2024,10,202410,울산,2663,241,50,2
2024,10,202410,세종,699,154,34,0
2024,10,202410,경기,24155,4797,586,89
2024,10,202410,충북,3708,426,110,1
2024,10,202410,충남,4699,519,131,2
2024,10,202410,전남,8238,392,126,0
2024,10,202410,경북,4153,456,116,0
2024,10,202410,경남,8797,1917,168,9
2024,10,202410,제주,6715,1245,125,5
2024,10,202410,강원,3134,399,90,0
2024,10,202410,전북,3292,413,86,0
2024,11,202411,서울,9912,4208,237,20
2024,11,202411,부산,6944,3812,161,1
2024,11,202411,대구,3371,1593,45,1
2024,11,202411,인천,9119,3396,182,6
2024,11,202411,광주,2409,501,49,0
2024,11,202411,대전,2929,548,42,0
2024,11,202411,울산,2719,291,56,0
2024,11,202411,세종,704,189,25,0
2024,11,202411,경기,24073,5731,605,78
2024,11,202411,충북,3335,467,79,0
2024,11,202411,충남,4353,590,150,4
2024,11,202411,전남,7700,444,129,0
2024,11,202411,경북,4540,647,131,0
2024,11,202411,경남,8571,2048,142,4
2024,11,202411,제주,7302,608,153,2
2024,11,202411,강원,3097,463,88,1
2024,11,202411,전북,3172,461,90,0
2024,12,202412,서울,9315,4466,264,25
2024,12,202412,부산,7058,3662,170,2
2024,12,202412,대구,2905,1500,61,0
2024,12,202412,인천,9273,3384,148,8
2024,12,202412,광주,2155,506,30,0
2024,12,202412,대전,2294,660,46,0
2024,12,202412,울산,2612,312,97,2
2024,12,202412,세종,692,189,9,0
2024,12,202412,경기,21991,5431,675,272
2024,12,202412,충북,2647,466,70,4
2024,12,202412,충남,3924,551,98,1
2024,12,202412,전남,7399,460,205,4
2024,12,202412,경북,3861,623,107,1
2024,12,202412,경남,8871,2017,113,29
2024,12,202412,제주,6118,624,146,0
2024,12,202412,강원,2649,460,75,23
2024,12,202412,전북,2743,441,97,0
2025,1,202501,서울,8726,2589,180,6
2025,1,202501,부산,6140,2858,102,10
2025,1,202501,대구,3187,922,45,0
2025,1,202501,인천,7714,2289,104,5
2025,1,202501,광주,2143,304,41,0
2025,1,202501,대전,2754,355,38,0
2025,1,202501,울산,2846,192,42,0
2025,1,202501,세종,630,112,10,0
2025,1,202501,경기,21514,3174,452,40
2025,1,202501,충북,3105,272,59,0
2025,1,202501,충남,4303,382,89,3
2025,1,202501,전남,6503,340,106,1
2025,1,202501,경북,4246,455,120,1
2025,1,202501,경남,8901,1581,101,6
2025,1,202501,제주,5609,347,93,0
2025,1,202501,강원,2834,258,74,0
2025,1,202501,전북,2970,313,80,0
2025,2,202502,서울,8444,3383,146,5
2025,2,202502,부산,6317,3403,80,10
2025,2,202502,대구,3051,1075,73,0
2025,2,202502,인천,8253,2713,123,7
2025,2,202502,광주,2242,404,40,1
2025,2,202502,대전,2445,489,34,1
2025,2,202502,울산,2865,257,41,1
2025,2,202502,세종,590,159,10,1
2025,2,202502,경기,21351,4824,449,65
2025,2,202502,충북,3139,491,56,1
2025,2,202502,충남,4347,586,104,3
2025,2,202502,전남,7042,403,112,0
2025,2,202502,경북,4473,577,135,0
2025,2,202502,경남,9112,2010,90,7
2025,2,202502,제주,6221,385,76,0
2025,2,202502,강원,2654,393,54,0
2025,2,202502,전북,3095,448,63,0
2025,3,202503,서울,9182,4163,154,10
2025,3,202503,부산,6586,4143,108,5
2025,3,202503,대구,3410,1513,65,0
2025,3,202503,인천,9757,3090,151,13
2025,3,202503,광주,2244,516,45,1
2025,3,202503,대전,2701,603,47,0
2025,3,202503,울산,2753,296,80,2
2025,3,202503,세종,640,161,10,0
2025,3,202503,경기,22933,5910,565,20
2025,3,202503,충북,3450,554,97,2
2025,3,202503,충남,4694,635,138,1
2025,3,202503,전남,7843,535,115,0
2025,3,202503,경북,4191,684,109,0
2025,3,202503,경남,9074,2570,127,3
2025,3,202503,제주,7093,454,131,0
2025,3,202503,강원,2864,521,95,1
2025,3,202503,전북,3121,518,115,1
2025,4,202504,서울,10204,3641,237,6
2025,4,202504,부산,6705,3728,157,5
2025,4,202504,대구,3561,1353,86,3
2025,4,202504,인천,10844,2932,165,30
2025,4,202504,광주,2343,474,60,0
2025,4,202504,대전,3393,532,49,0
2025,4,202504,울산,3245,274,80,0
2025,4,202504,세종,676,141,7,0
2025,4,202504,경기,24133,4928,497,22
2025,4,202504,충북,3509,434,90,0
2025,4,202504,충남,4743,491,114,1
2025,4,202504,전남,9116,419,172,0
2025,4,202504,경북,4323,545,118,1
2025,4,202504,경남,9139,2012,132,15
2025,4,202504,제주,8757,450,209,0
2025,4,202504,강원,3099,429,101,0
2025,4,202504,전북,3382,403,113,1
2025,5,202505,서울,8894,4679,239,4
2025,5,202505,부산,5742,4159,132,2
2025,5,202505,대구,3331,1610,75,2
2025,5,202505,인천,9519,4048,153,12
2025,5,202505,광주,2244,561,49,0
2025,5,202505,대전,3318,701,61,0
2025,5,202505,울산,2568,335,44,0
2025,5,202505,세종,639,163,10,0
2025,5,202505,경기,21830,6816,507,48
2025,5,202505,충북,3484,639,69,1
2025,5,202505,충남,4307,624,89,0
2025,5,202505,전남,7620,572,143,0
2025,5,202505,경북,3961,663,119,0
2025,5,202505,경남,7970,2645,125,5
2025,5,202505,제주,7260,498,129,3
2025,5,202505,강원,2782,565,79,6
2025,5,202505,전북,2734,433,72,1
2025,6,202506,서울,8816,4764,177,7
2025,6,202506,부산,6021,3933,113,0
2025,6,202506,대구,3344,1696,45,3
2025,6,202506,인천,10194,4305,223,12
2025,6,202506,광주,2203,562,22,0
2025,6,202506,대전,3267,689,47,2
2025,6,202506,울산,2707,355,47,0
2025,6,202506,세종,817,195,28,0
2025,6,202506,경기,22021,6595,418,39
2025,6,202506,충북,3129,457,82,1
2025,6,202506,충남,4046,575,91,2
2025,6,202506,전남,8228,580,172,0
2025,6,202506,경북,4041,723,131,0
2025,6,202506,경남,8433,2246,132,4
2025,6,202506,제주,7349,517,156,2
2025,6,202506,강원,2809,470,84,1
2025,6,202506,전북,2843,467,85,0
2025,7,202507,서울,8273,4038,232,2
2025,7,202507,부산,6674,4143,135,3
2025,7,202507,대구,3728,1715,61,1
2025,7,202507,인천,9931,3932,176,26
2025,7,202507,광주,2177,446,29,0
2025,7,202507,대전,3000,607,34,0
2025,7,202507,울산,2772,305,58,1
2025,7,202507,세종,988,189,4,0
2025,7,202507,경기,22018,6513,472,67
2025,7,202507,충북,3323,410,82,7
2025,7,202507,충남,4367,556,110,1
2025,7,202507,전남,8442,485,145,0
2025,7,202507,경북,4548,707,142,0
2025,7,202507,경남,10013,2773,122,4
2025,7,202507,제주,7907,418,140,0
2025,7,202507,강원,2912,549,72,0
2025,7,202507,전북,3249,464,97,0
2025,8,202508,서울,7060,4460,149,5
2025,8,202508,부산,4620,4218,73,0
2025,8,202508,대구,3119,1802,34,0
2025,8,202508,인천,7649,3961,133,14
2025,8,202508,광주,1837,514,35,0
2025,8,202508,대전,2481,556,21,0
2025,8,202508,울산,2084,351,37,0
2025,8,202508,세종,806,254,6,0
2025,8,202508,경기,18333,6496,435,111
2025,8,202508,충북,2562,458,42,1
2025,8,202508,충남,4187,722,91,0
2025,8,202508,전남,6604,516,60,0
2025,8,202508,경북,3572,674,73,0
2025,8,202508,경남,7606,2259,94,0
2025,8,202508,제주,5855,401,102,0
2025,8,202508,강원,2503,508,52,9
2025,8,202508,전북,2391,463,59,0
2025,9,202509,서울,9247,5247,129,8
2025,9,202509,부산,5489,4780,78,1
2025,9,202509,대구,3601,1868,54,0
2025,9,202509,인천,9697,4751,118,26
2025,9,202509,광주,2385,616,42,0
2025,9,202509,대전,2979,668,25,0
2025,9,202509,울산,2406,443,64,1
2025,9,202509,세종,974,271,15,0
2025,9,202509,경기,23675,7797,451,108
2025,9,202509,충북,3279,666,62,2
2025,9,202509,충남,4298,871,133,2
2025,9,202509,전남,7937,615,112,0
2025,9,202509,경북,4254,990,119,0
2025,9,202509,경남,9656,3438,105,1
2025,9,202509,제주,7832,561,152,0
2025,9,202509,강원,3051,647,91,0
2025,9,202509,전북,3119,611,63,0
2025,10,202510,서울,7296,3999,187,14
2025,10,202510,부산,4804,3407,96,3
2025,10,202510,대구,3008,1632,53,0
2025,10,202510,인천,7123,3356,128,13
2025,10,202510,광주,1708,498,34,0
2025,10,202510,대전,2349,493,34,0
2025,10,202510,울산,2249,282,52,0
2025,10,202510,세종,725,169,17,0
2025,10,202510,경기,19368,5956,443,51
2025,10,202510,충북,2466,460,68,6
2025,10,202510,충남,3493,584,88,1
2025,10,202510,전남,6716,405,123,8
2025,10,202510,경북,3204,609,124,3
2025,10,202510,경남,7131,2363,75,11
2025,10,202510,제주,7014,390,106,0
2025,10,202510,강원,2432,458,70,2
2025,10,202510,전북,2641,513,78,0
2025,11,202511,서울,8710,5145,200,2
2025,11,202511,부산,5640,4666,114,3
2025,11,202511,대구,3794,1837,76,1
2025,11,202511,인천,8053,3781,125,16
2025,11,202511,광주,2049,578,42,1
2025,11,202511,대전,2538,592,26,1
2025,11,202511,울산,2841,481,34,0
2025,11,202511,세종,1003,200,6,0
2025,11,202511,경기,22340,7138,492,43
2025,11,202511,충북,2862,600,65,1
2025,11,202511,충남,4171,726,96,4
2025,11,202511,전남,7971,570,101,3
2025,11,202511,경북,4188,788,90,0
2025,11,202511,경남,8156,2327,143,1
2025,11,202511,제주,8665,526,129,0
2025,11,202511,강원,2732,543,81,18
2025,11,202511,전북,2794,542,62,0
2025,12,202512,서울,8910,4365,254,33
2025,12,202512,부산,5202,3848,121,0
2025,12,202512,대구,4245,1718,69,0
2025,12,202512,인천,10135,4440,170,3
2025,12,202512,광주,2215,540,34,0
2025,12,202512,대전,2432,625,41,0
2025,12,202512,울산,2692,358,37,8
2025,12,202512,세종,719,197,6,0
2025,12,202512,경기,22556,7071,660,92
2025,12,202512,충북,3048,586,93,3
2025,12,202512,충남,4416,735,112,13
2025,12,202512,전남,7870,609,108,0
2025,12,202512,경북,4076,747,116,1
2025,12,202512,경남,8708,2542,101,13
2025,12,202512,제주,7782,502,155,0
2025,12,202512,강원,2814,508,81,0
2025,12,202512,전북,2896,555,89,1
