year,month,yyyymm,sido,passenger_cumulcar,passenger_cumulimportedcar,van_cumulcar,van_cumulimportedcar
2018,01,201801,서울,13255,3950,447,16
2018,01,201801,부산,7038,3077,159,13
2018,01,201801,대구,4455,2021,125,13
2018,01,201801,인천,15165,2985,731,13
2018,01,201801,광주,2712,497,67,8
2018,01,201801,대전,2881,494,77,3
2018,01,201801,울산,3079,270,56,3
2018,01,201801,세종,703,130,18,0
2018,01,201801,경기,27309,4882,838,81
2018,01,201801,강원,3306,380,145,3
2018,01,201801,충북,3520,363,113,10
2018,01,201801,충남,4773,563,145,10
2018,01,201801,전북,3750,449,114,8
2018,01,201801,전남,5631,418,171,10
2018,01,201801,경북,5253,553,156,12
2018,01,201801,경남,7445,1480,159,7
2018,01,201801,제주,6764,344,135,3
2018,02,201802,서울,23746,7713,832,32
2018,02,201802,부산,12014,5792,313,18
2018,02,201802,대구,7373,3827,225,31
2018,02,201802,인천,25975,5517,1036,18
2018,02,201802,광주,4667,901,132,15
2018,02,201802,대전,4936,938,133,10
2018,02,201802,울산,5202,531,110,7
2018,02,201802,세종,1192,252,29,1
2018,02,201802,경기,47250,9672,1554,137
2018,02,201802,강원,5674,739,273,8
2018,02,201802,충북,6136,729,200,21
2018,02,201802,충남,8303,1107,279,24
2018,02,201802,전북,6348,834,224,11
2018,02,201802,전남,9882,799,311,18
2018,02,201802,경북,8960,1081,301,23
2018,02,201802,경남,12424,2801,321,18
2018,02,201802,제주,12216,688,301,3
2018,03,201803,서울,36412,12791,1262,65
2018,03,201803,부산,18366,9131,475,22
2018,03,201803,대구,11360,6205,358,50
2018,03,201803,인천,38523,9133,1386,24
2018,03,201803,광주,7350,1548,200,23
2018,03,201803,대전,7619,1551,200,16
2018,03,201803,울산,8648,841,170,14
2018,03,201803,세종,1844,384,43,5
2018,03,201803,경기,72953,15952,2526,226
2018,03,201803,강원,8994,1227,403,17
2018,03,201803,충북,9550,1191,325,31
2018,03,201803,충남,12892,1807,445,40
2018,03,201803,전북,9752,1403,345,19
2018,03,201803,전남,15824,1352,486,21
2018,03,201803,경북,13508,1759,463,42
2018,03,201803,경남,19129,4482,518,28
2018,03,201803,제주,19453,1267,464,6
2018,04,201804,서울,49157,17764,1784,105
2018,04,201804,부산,24842,12363,625,34
2018,04,201804,대구,15162,8253,485,67
2018,04,201804,인천,50749,12755,1792,49
2018,04,201804,광주,9978,2173,296,31
2018,04,201804,대전,10204,2168,280,26
2018,04,201804,울산,11724,1148,231,23
2018,04,201804,세종,2466,569,69,8
2018,04,201804,경기,97954,22172,3407,345
2018,04,201804,강원,12277,1727,515,31
2018,04,201804,충북,13004,1704,445,49
2018,04,201804,충남,17471,2509,615,54
2018,04,201804,전북,13447,1970,484,34
2018,04,201804,전남,21100,1859,660,31
2018,04,201804,경북,17849,2399,616,63
2018,04,201804,경남,25408,6027,711,40
2018,04,201804,제주,27440,1921,663,31
2018,05,201805,서울,61285,22388,2144,128
2018,05,201805,부산,30782,15541,763,39
2018,05,201805,대구,18817,10488,581,86
2018,05,201805,인천,63396,16343,2058,60
2018,05,201805,광주,12458,2772,343,37
2018,05,201805,대전,12694,2694,338,33
2018,05,201805,울산,14595,1396,304,32
2018,05,201805,세종,3064,718,79,11
2018,05,201805,경기,122417,27814,4086,412
2018,05,201805,강원,15333,2193,613,40
2018,05,201805,충북,16156,2162,527,60
2018,05,201805,충남,21737,3166,716,74
2018,05,201805,전북,16758,2514,577,43
2018,05,201805,전남,26766,2367,776,41
2018,05,201805,경북,22129,3022,746,80
2018,05,201805,경남,31240,7338,861,53
2018,05,201805,제주,34842,2531,812,32
2018,06,201806,서울,73481,26942,2806,148
2018,06,201806,부산,36842,18613,959,45
2018,06,201806,대구,22710,12941,716,108
2018,06,201806,인천,76330,20356,2384,80
2018,06,201806,광주,14862,3361,434,47
2018,06,201806,대전,15084,3264,437,39
2018,06,201806,울산,17119,1667,395,41
2018,06,201806,세종,3672,881,103,17
2018,06,201806,경기,146083,33773,4991,515
2018,06,201806,강원,18442,2647,759,57
2018,06,201806,충북,19284,2606,621,71
2018,06,201806,충남,25909,3812,860,94
2018,06,201806,전북,20056,3018,697,47
2018,06,201806,전남,32517,2910,928,55
2018,06,201806,경북,26062,3617,922,94
2018,06,201806,경남,37140,8779,1091,67
2018,06,201806,제주,42012,3325,992,35
2018,07,201807,서울,86271,30898,3465,174
2018,07,201807,부산,43294,21480,1151,55
2018,07,201807,대구,26638,15055,825,130
2018,07,201807,인천,89602,23525,2763,95
2018,07,201807,광주,17389,3905,529,57
2018,07,201807,대전,17711,3858,524,53
2018,07,201807,울산,19796,1921,501,46
2018,07,201807,세종,4265,1017,137,23
2018,07,201807,경기,171730,38910,5887,621
2018,07,201807,강원,21728,3058,882,65
2018,07,201807,충북,22651,3041,744,82
2018,07,201807,충남,30534,4355,1043,115
2018,07,201807,전북,23517,3497,847,58
2018,07,201807,전남,38315,3335,1108,67
2018,07,201807,경북,30330,4151,1105,121
2018,07,201807,경남,43760,10121,1347,91
2018,07,201807,제주,50530,4197,1212,36
2018,08,201808,서울,98929,34573,4113,202
2018,08,201808,부산,48835,23954,1267,66
2018,08,201808,대구,30520,16886,888,147
2018,08,201808,인천,101492,27219,2991,106
2018,08,201808,광주,19820,4329,579,65
2018,08,201808,대전,20455,4376,577,56
2018,08,201808,울산,22266,2147,546,49
2018,08,201808,세종,4901,1157,152,29
2018,08,201808,경기,196178,43624,6492,693
2018,08,201808,강원,24853,3453,973,78
2018,08,201808,충북,25854,3372,810,90
2018,08,201808,충남,34708,4818,1152,130
2018,08,201808,전북,26688,3904,906,63
2018,08,201808,전남,42971,3720,1215,73
2018,08,201808,경북,34511,4595,1224,133
2018,08,201808,경남,49822,11142,1482,100
2018,08,201808,제주,57387,4813,1324,37
2018,09,201809,서울,110220,37415,4572,225
2018,09,201809,부산,53645,25763,1430,70
2018,09,201809,대구,33917,18082,976,161
2018,09,201809,인천,110972,33292,3370,118
2018,09,201809,광주,21880,4657,631,75
2018,09,201809,대전,22949,4703,647,62
2018,09,201809,울산,24500,2321,593,53
2018,09,201809,세종,5518,1277,164,32
2018,09,201809,경기,217550,47009,7272,776
2018,09,201809,강원,27558,3703,1077,88
2018,09,201809,충북,28590,3632,927,101
2018,09,201809,충남,38357,5191,1303,147
2018,09,201809,전북,29586,4240,1007,70
2018,09,201809,전남,47619,4102,1534,83
2018,09,201809,경북,38232,4943,1370,144
2018,09,201809,경남,54830,11715,1704,111
2018,09,201809,제주,64858,5309,1564,37
2018,10,201810,서울,123101,41414,5169,250
2018,10,201810,부산,59671,28322,1633,79
2018,10,201810,대구,37998,19946,1111,174
2018,10,201810,인천,122549,37368,3730,128
2018,10,201810,광주,24548,5139,691,80
2018,10,201810,대전,25816,5201,711,71
2018,10,201810,울산,27149,2537,658,56
2018,10,201810,세종,6130,1422,181,38
2018,10,201810,경기,242813,52013,8157,866
2018,10,201810,강원,31029,4060,1227,98
2018,10,201810,충북,32369,4077,1056,116
2018,10,201810,충남,42985,5709,1504,160
2018,10,201810,전북,33042,4654,1141,80
2018,10,201810,전남,52671,4511,1678,87
2018,10,201810,경북,42727,5477,1540,162
2018,10,201810,경남,61255,12943,1981,136
2018,10,201810,제주,72403,5752,1750,37
2018,11,201811,서울,136105,45748,5764,266
2018,11,201811,부산,65569,30985,1888,90
2018,11,201811,대구,42406,22114,1245,188
2018,11,201811,인천,135724,41728,4237,135
2018,11,201811,광주,27298,5602,769,85
2018,11,201811,대전,28713,5656,791,73
2018,11,201811,울산,30119,2744,743,61
2018,11,201811,세종,6790,1569,241,44
2018,11,201811,경기,268288,57579,9196,920
2018,11,201811,강원,34453,4432,1355,106
2018,11,201811,충북,35716,4446,1201,128
2018,11,201811,충남,47723,6231,1683,166
2018,11,201811,전북,36532,5070,1282,81
2018,11,201811,전남,57935,4923,1909,97
2018,11,201811,경북,47372,6011,1791,175
2018,11,201811,경남,67727,14276,2203,151
2018,11,201811,제주,80238,6234,1937,39
2018,12,201812,서울,147137,49719,6155,293
2018,12,201812,부산,71018,33595,2121,100
2018,12,201812,대구,46365,24053,1352,197
2018,12,201812,인천,148459,45176,4759,142
2018,12,201812,광주,29583,6050,850,90
2018,12,201812,대전,31034,6115,842,81
2018,12,201812,울산,32718,2951,808,65
2018,12,201812,세종,7405,1671,260,44
2018,12,201812,경기,289502,62362,9902,993
2018,12,201812,강원,36934,4752,1437,110
2018,12,201812,충북,38569,4810,1299,132
2018,12,201812,충남,51394,6651,1802,173
2018,12,201812,전북,39211,5458,1379,84
2018,12,201812,전남,63987,5322,2044,101
2018,12,201812,경북,51214,6514,1923,188
2018,12,201812,경남,73647,15464,2373,166
2018,12,201812,제주,87217,6651,2071,41
2019,01,201901,서울,13448,3386,657,21
2019,01,201901,부산,6464,2299,236,8
2019,01,201901,대구,4452,1714,135,18
2019,01,201901,인천,14416,2826,375,6
2019,01,201901,광주,2856,420,94,7
2019,01,201901,대전,2831,425,103,2
2019,01,201901,울산,3028,203,106,4
2019,01,201901,세종,727,99,15,4
2019,01,201901,경기,27729,4296,1103,66
2019,01,201901,강원,3265,303,118,7
2019,01,201901,충북,3363,376,149,5
2019,01,201901,충남,4841,444,149,12
2019,01,201901,전북,3729,332,107,1
2019,01,201901,전남,5030,380,189,7
2019,01,201901,경북,4913,425,198,17
2019,01,201901,경남,7007,1138,241,14
2019,01,201901,제주,7077,465,204,0
2019,02,201902,서울,22770,6455,1032,34
2019,02,201902,부산,10900,4310,449,16
2019,02,201902,대구,7182,3097,203,28
2019,02,201902,인천,25035,5195,621,13
2019,02,201902,광주,4883,806,138,12
2019,02,201902,대전,4737,787,161,9
2019,02,201902,울산,4914,365,168,8
2019,02,201902,세종,1218,210,25,6
2019,02,201902,경기,47670,8095,1812,120
2019,02,201902,강원,5643,575,228,13
2019,02,201902,충북,5849,660,238,10
2019,02,201902,충남,8176,810,257,17
2019,02,201902,전북,6265,661,195,6
2019,02,201902,전남,8546,696,314,11
2019,02,201902,경북,8141,815,301,27
2019,02,201902,경남,11741,2057,412,28
2019,02,201902,제주,12452,848,371,2
2019,03,201903,서울,35881,10094,1596,58
2019,03,201903,부산,16639,6627,675,21
2019,03,201903,대구,10604,5021,326,42
2019,03,201903,인천,39339,7882,1228,29
2019,03,201903,광주,7328,1225,206,18
2019,03,201903,대전,7134,1218,220,18
2019,03,201903,울산,7367,572,250,11
2019,03,201903,세종,1890,339,40,8
2019,03,201903,경기,72206,12461,2804,204
2019,03,201903,강원,8716,900,359,37
2019,03,201903,충북,8967,964,382,21
2019,03,201903,충남,12383,1303,412,25
2019,03,201903,전북,9305,1031,280,13
2019,03,201903,전남,14458,1066,513,19
2019,03,201903,경북,12302,1279,494,39
2019,03,201903,경남,17598,3096,638,42
2019,03,201903,제주,19554,1357,605,3
2019,04,201904,서울,49122,13470,2148,79
2019,04,201904,부산,22792,9096,879,30
2019,04,201904,대구,14345,6779,489,49
2019,04,201904,인천,54051,10931,1754,38
2019,04,201904,광주,9869,1684,282,26
2019,04,201904,대전,9635,1605,286,26
2019,04,201904,울산,10264,747,318,16
2019,04,201904,세종,2530,450,52,9
2019,04,201904,경기,97177,16505,3760,283
2019,04,201904,강원,11797,1219,517,51
2019,04,201904,충북,12236,1295,531,35
2019,04,201904,충남,16883,1803,582,34
2019,04,201904,전북,12670,1392,403,17
2019,04,201904,전남,19504,1597,700,27
2019,04,201904,경북,16661,1758,682,55
2019,04,201904,경남,24909,4335,874,60
2019,04,201904,제주,26815,1797,831,3
2019,05,201905,서울,61332,17209,2797,106
2019,05,201905,부산,28739,11411,1087,37
2019,05,201905,대구,18109,8496,599,57
2019,05,201905,인천,69543,14284,2280,48
2019,05,201905,광주,12401,2116,351,30
2019,05,201905,대전,12244,2089,391,37
2019,05,201905,울산,12978,946,362,24
2019,05,201905,세종,3162,609,58,11
2019,05,201905,경기,120763,21333,4443,354
2019,05,201905,강원,14764,1599,598,57
2019,05,201905,충북,15448,1651,639,43
2019,05,201905,충남,21132,2376,705,47
2019,05,201905,전북,15563,1782,501,21
2019,05,201905,전남,23800,2078,854,34
2019,05,201905,경북,20877,2262,833,68
2019,05,201905,경남,32044,5670,1041,74
2019,05,201905,제주,34681,2218,1005,4
2019,06,201906,서울,72194,20859,3200,127
2019,06,201906,부산,33718,13927,1259,50
2019,06,201906,대구,21415,10322,664,66
2019,06,201906,인천,83499,17425,2823,84
2019,06,201906,광주,14623,2570,398,38
2019,06,201906,대전,14538,2551,429,45
2019,06,201906,울산,15620,1143,416,30
2019,06,201906,세종,3738,750,70,17
2019,06,201906,경기,141742,25922,5168,448
2019,06,201906,강원,17473,1941,740,64
2019,06,201906,충북,18167,2004,732,52
2019,06,201906,충남,24708,2872,817,63
2019,06,201906,전북,18287,2185,583,24
2019,06,201906,전남,28301,2685,990,40
2019,06,201906,경북,24524,2761,958,84
2019,06,201906,경남,38296,7170,1207,90
2019,06,201906,제주,42054,2683,1158,6
2019,07,201907,서울,84718,24595,3599,174
2019,07,201907,부산,39168,16389,1387,72
2019,07,201907,대구,25086,12258,756,91
2019,07,201907,인천,97687,20523,3097,117
2019,07,201907,광주,17205,3000,453,51
2019,07,201907,대전,17113,3046,477,60
2019,07,201907,울산,18369,1350,463,36
2019,07,201907,세종,4351,863,80,24
2019,07,201907,경기,165537,30750,5672,570
2019,07,201907,강원,20601,2342,823,77
2019,07,201907,충북,21234,2390,820,68
2019,07,201907,충남,28749,3405,920,99
2019,07,201907,전북,21494,2564,654,35
2019,07,201907,전남,33127,3254,1142,58
2019,07,201907,경북,28743,3196,1073,107
2019,07,201907,경남,45536,8691,1354,132
2019,07,201907,제주,50508,3276,1313,11
2019,08,201908,서울,96169,28179,3888,208
2019,08,201908,부산,43892,18690,1492,88
2019,08,201908,대구,28587,14084,801,108
2019,08,201908,인천,108524,23653,3557,127
2019,08,201908,광주,19505,3381,491,58
2019,08,201908,대전,19477,3419,507,73
2019,08,201908,울산,20458,1536,493,42
2019,08,201908,세종,4925,991,90,29
2019,08,201908,경기,187766,35255,6096,682
2019,08,201908,강원,23441,2687,882,96
2019,08,201908,충북,24039,2714,898,88
2019,08,201908,충남,32533,3886,1027,125
2019,08,201908,전북,24415,2944,725,46
2019,08,201908,전남,37509,3577,1206,66
2019,08,201908,경북,32450,3697,1167,128
2019,08,201908,경남,51598,10024,1481,154
2019,08,201908,제주,57133,3646,1430,15
2019,09,201909,서울,107043,32234,4223,255
2019,09,201909,부산,48890,21202,1593,120
2019,09,201909,대구,31991,16133,888,130
2019,09,201909,인천,119635,27045,3779,168
2019,09,201909,광주,21778,3826,545,73
2019,09,201909,대전,21763,3886,550,89
2019,09,201909,울산,22846,1795,541,49
2019,09,201909,세종,5540,1134,96,32
2019,09,201909,경기,211742,40190,6677,815
2019,09,201909,강원,26576,3028,991,110
2019,09,201909,충북,27041,3090,969,127
2019,09,201909,충남,36584,4384,1135,160
2019,09,201909,전북,27551,3368,807,65
2019,09,201909,전남,42387,4054,1333,78
2019,09,201909,경북,36462,4174,1277,153
2019,09,201909,경남,57973,11482,1705,180
2019,09,201909,제주,63779,3993,1524,21
2019,10,201910,서울,119030,36611,4673,307
2019,10,201910,부산,54219,23958,1782,147
2019,10,201910,대구,35855,18572,1042,145
2019,10,201910,인천,131598,30698,4006,193
2019,10,201910,광주,24370,4295,611,83
2019,10,201910,대전,24406,4359,610,114
2019,10,201910,울산,25472,2074,616,56
2019,10,201910,세종,6232,1301,110,40
2019,10,201910,경기,237136,45472,7472,971
2019,10,201910,강원,29958,3439,1136,130
2019,10,201910,충북,30430,3445,1077,157
2019,10,201910,충남,41009,4967,1293,189
2019,10,201910,전북,31170,3776,951,80
2019,10,201910,전남,47733,4522,1510,96
2019,10,201910,경북,41009,4704,1454,198
2019,10,201910,경남,65470,13028,1980,215
2019,10,201910,제주,71096,4400,1669,26
2019,11,201911,서울,132251,41831,5166,336
2019,11,201911,부산,60536,27151,1939,158
2019,11,201911,대구,40023,21571,1142,162
2019,11,201911,인천,142885,34419,4324,215
2019,11,201911,광주,27255,4809,691,87
2019,11,201911,대전,27274,4897,693,126
2019,11,201911,울산,28281,2465,669,61
2019,11,201911,세종,7028,1445,122,46
2019,11,201911,경기,264446,51102,8193,1086
2019,11,201911,강원,33430,3837,1264,141
2019,11,201911,충북,34209,3842,1225,179
2019,11,201911,충남,45785,5518,1416,216
2019,11,201911,전북,34891,4162,1067,96
2019,11,201911,전남,52572,5042,1681,107
2019,11,201911,경북,45981,5300,1590,216
2019,11,201911,경남,73232,14514,2177,234
2019,11,201911,제주,79075,4825,1872,29
2019,12,201912,서울,144773,47622,5605,374
2019,12,201912,부산,66583,31135,2084,168
2019,12,201912,대구,44180,24185,1224,174
2019,12,201912,인천,155249,38875,4623,231
2019,12,201912,광주,29831,5410,731,96
2019,12,201912,대전,30192,5571,752,137
2019,12,201912,울산,31015,2786,738,65
2019,12,201912,세종,7789,1650,146,48
2019,12,201912,경기,289643,57707,8914,1227
2019,12,201912,강원,36358,4301,1350,152
2019,12,201912,충북,38073,4343,1315,196
2019,12,201912,충남,50283,6175,1550,238
2019,12,201912,전북,38371,4650,1207,112
2019,12,201912,전남,56870,5596,1841,123
2019,12,201912,경북,50573,6008,1710,234
2019,12,201912,경남,81164,16164,2326,275
2019,12,201912,제주,86512,5281,2018,32
2020,01,202001,서울,10653,2870,381,40
2020,01,202001,부산,4973,2016,131,7
2020,01,202001,대구,3556,1670,94,9
2020,01,202001,인천,9893,2709,256,17
2020,01,202001,광주,2418,339,39,8
2020,01,202001,대전,2320,362,61,9
2020,01,202001,울산,2461,156,48,4
2020,01,202001,세종,609,116,8,4
2020,01,202001,경기,22969,3468,706,70
2020,01,202001,강원,2936,280,89,14
2020,01,202001,충북,3279,280,101,14
2020,01,202001,충남,4249,408,145,17
2020,01,202001,전북,2960,290,104,12
2020,01,202001,전남,7114,380,129,11
2020,01,202001,경북,4256,420,139,20
2020,01,202001,경남,6965,1143,154,16
2020,01,202001,제주,7855,285,193,2
2020,02,202002,서울,17870,6714,641,79
2020,02,202002,부산,9335,4090,254,19
2020,02,202002,대구,5817,3253,145,24
2020,02,202002,인천,17601,5427,407,42
2020,02,202002,광주,4130,613,56,18
2020,02,202002,대전,4025,703,90,31
2020,02,202002,울산,3990,315,104,11
2020,02,202002,세종,1045,231,20,9
2020,02,202002,경기,39183,7192,1260,180
2020,02,202002,강원,4949,493,167,33
2020,02,202002,충북,5483,514,167,40
2020,02,202002,충남,7122,768,234,40
2020,02,202002,전북,5030,552,161,24
2020,02,202002,전남,10752,712,313,28
2020,02,202002,경북,7107,762,252,45
2020,02,202002,경남,12684,2399,273,52
2020,02,202002,제주,13374,611,260,5
2020,03,202003,서울,30323,10826,1025,101
2020,03,202003,부산,15470,6845,389,25
2020,03,202003,대구,9294,5212,228,32
2020,03,202003,인천,30599,8745,585,58
2020,03,202003,광주,7026,1115,99,23
2020,03,202003,대전,6828,1225,142,42
2020,03,202003,울산,6733,561,152,18
2020,03,202003,세종,1792,416,28,13
2020,03,202003,경기,66379,12442,1942,232
2020,03,202003,강원,8578,880,253,40
2020,03,202003,충북,8965,826,237,44
2020,03,202003,충남,11847,1305,378,55
2020,03,202003,전북,8797,1007,246,30
2020,03,202003,전남,16854,1194,446,34
2020,03,202003,경북,11358,1219,390,55
2020,03,202003,경남,21616,3571,425,63
2020,03,202003,제주,22654,914,378,7
2020,04,202004,서울,43803,14925,1463,128
2020,04,202004,부산,21790,9398,528,48
2020,04,202004,대구,13167,7426,333,41
2020,04,202004,인천,43433,12530,782,66
2020,04,202004,광주,10201,1589,155,33
2020,04,202004,대전,9901,1686,215,58
2020,04,202004,울산,9803,785,212,20
2020,04,202004,세종,2496,591,37,18
2020,04,202004,경기,93305,17290,2577,306
2020,04,202004,강원,12128,1255,345,47
2020,04,202004,충북,12758,1201,343,64
2020,04,202004,충남,17096,1848,493,72
2020,04,202004,전북,12930,1412,330,39
2020,04,202004,전남,22798,1616,653,42
2020,04,202004,경북,15908,1661,521,76
2020,04,202004,경남,30111,4810,589,88
2020,04,202004,제주,30203,1292,499,8
2020,05,202005,서울,58127,18984,1749,148
2020,05,202005,부산,28163,12103,666,56
2020,05,202005,대구,18251,9598,441,53
2020,05,202005,인천,55519,16572,963,87
2020,05,202005,광주,13738,2098,204,41
2020,05,202005,대전,13529,2200,264,67
2020,05,202005,울산,12898,1016,264,21
2020,05,202005,세종,3377,745,40,22
2020,05,202005,경기,122518,22350,3197,381
2020,05,202005,강원,15854,1634,458,61
2020,05,202005,충북,16741,1639,447,75
2020,05,202005,충남,22319,2410,599,85
2020,05,202005,전북,17049,1817,465,48
2020,05,202005,전남,29066,2022,801,52
2020,05,202005,경북,20847,2151,676,90
2020,05,202005,경남,38747,6111,764,100
2020,05,202005,제주,38068,1638,609,10
2020,06,202006,서울,75746,24726,2131,185
2020,06,202006,부산,35884,15193,876,73
2020,06,202006,대구,24150,11796,542,60
2020,06,202006,인천,70975,22095,1216,90
2020,06,202006,광주,17874,2732,265,47
2020,06,202006,대전,17489,2880,360,77
2020,06,202006,울산,16557,1589,331,22
2020,06,202006,세종,4449,947,50,23
2020,06,202006,경기,159112,28757,3877,451
2020,06,202006,강원,20507,2128,571,68
2020,06,202006,충북,21378,2172,568,90
2020,06,202006,충남,28629,3099,742,99
2020,06,202006,전북,21801,2360,572,58
2020,06,202006,전남,36770,2565,1095,64
2020,06,202006,경북,26957,2803,888,107
2020,06,202006,경남,50009,7735,981,120
2020,06,202006,제주,46093,2074,790,10
2020,07,202007,서울,90161,28329,2495,211
2020,07,202007,부산,42049,17481,1042,79
2020,07,202007,대구,28742,13470,631,65
2020,07,202007,인천,86156,25533,1457,104
2020,07,202007,광주,20886,3100,318,55
2020,07,202007,대전,20538,3270,397,80
2020,07,202007,울산,20301,1789,390,25
2020,07,202007,세종,5239,1079,57,23
2020,07,202007,경기,188143,33112,4458,508
2020,07,202007,강원,24365,2439,693,77
2020,07,202007,충북,25267,2472,653,99
2020,07,202007,충남,33813,3514,868,106
2020,07,202007,전북,25389,2691,671,61
2020,07,202007,전남,44045,2977,1345,70
2020,07,202007,경북,31862,3207,1106,118
2020,07,202007,경남,59503,8762,1168,127
2020,07,202007,제주,54942,2434,953,13
2020,08,202008,서울,99922,32786,2740,227
2020,08,202008,부산,46832,20305,1171,87
2020,08,202008,대구,31848,15631,691,67
2020,08,202008,인천,95538,29417,1597,107
2020,08,202008,광주,23020,3570,362,61
2020,08,202008,대전,22780,3771,441,85
2020,08,202008,울산,22749,2022,414,26
2020,08,202008,세종,5806,1245,61,23
2020,08,202008,경기,208090,38386,4772,543
2020,08,202008,강원,27165,2797,755,83
2020,08,202008,충북,28069,2846,714,107
2020,08,202008,충남,37473,4033,980,119
2020,08,202008,전북,28079,3085,741,63
2020,08,202008,전남,49405,3385,1446,74
2020,08,202008,경북,35399,3727,1203,128
2020,08,202008,경남,65700,10020,1269,133
2020,08,202008,제주,60686,2774,1043,15
2020,09,202009,서울,113406,37527,2964,238
2020,09,202009,부산,52937,22959,1286,93
2020,09,202009,대구,36317,17711,759,72
2020,09,202009,인천,108440,33304,1699,113
2020,09,202009,광주,26162,4011,412,63
2020,09,202009,대전,25975,4323,490,93
2020,09,202009,울산,25872,2285,448,26
2020,09,202009,세종,6634,1451,68,24
2020,09,202009,경기,236550,44079,5243,611
2020,09,202009,강원,30711,3185,842,87
2020,09,202009,충북,31944,3293,787,108
2020,09,202009,충남,42675,4609,1094,123
2020,09,202009,전북,31835,3477,810,66
2020,09,202009,전남,55930,3787,1557,77
2020,09,202009,경북,40266,4257,1306,134
2020,09,202009,경남,74193,11383,1377,141
2020,09,202009,제주,68560,3197,1171,15
2020,10,202010,서울,125214,41866,3269,248
2020,10,202010,부산,58312,25706,1419,98
2020,10,202010,대구,40410,19671,859,73
2020,10,202010,인천,119402,37238,1835,129
2020,10,202010,광주,28811,4518,452,65
2020,10,202010,대전,28937,4892,546,97
2020,10,202010,울산,28628,2524,484,28
2020,10,202010,세종,7460,1653,74,25
2020,10,202010,경기,261703,49668,5691,639
2020,10,202010,강원,33741,3605,917,96
2020,10,202010,충북,35244,3739,865,113
2020,10,202010,충남,47153,5236,1200,132
2020,10,202010,전북,35096,3900,877,67
2020,10,202010,전남,61671,4243,1690,79
2020,10,202010,경북,44689,4814,1438,138
2020,10,202010,경남,82347,12865,1510,146
2020,10,202010,제주,75336,3582,1297,17
2020,11,202011,서울,138427,46801,3623,257
2020,11,202011,부산,64416,28930,1516,107
2020,11,202011,대구,44893,21759,932,74
2020,11,202011,인천,131304,41972,2047,139
2020,11,202011,광주,31930,5080,514,65
2020,11,202011,대전,32055,5572,578,99
2020,11,202011,울산,31727,2823,529,30
2020,11,202011,세종,8336,1894,78,25
2020,11,202011,경기,289636,56197,6287,667
2020,11,202011,강원,37027,4053,985,102
2020,11,202011,충북,38789,4237,981,117
2020,11,202011,충남,51968,6001,1303,135
2020,11,202011,전북,38436,4392,991,72
2020,11,202011,전남,67783,4784,1852,82
2020,11,202011,경북,49703,5478,1553,145
2020,11,202011,경남,91211,14343,1654,152
2020,11,202011,제주,82319,4026,1450,20
2020,12,202012,서울,151138,52600,4093,326
2020,12,202012,부산,70163,32376,1633,108
2020,12,202012,대구,48882,24011,972,150
2020,12,202012,인천,143197,47237,2249,153
2020,12,202012,광주,34495,5659,594,67
2020,12,202012,대전,34617,6278,643,103
2020,12,202012,울산,34949,3171,573,32
2020,12,202012,세종,9100,2147,92,28
2020,12,202012,경기,314512,63514,6777,751
2020,12,202012,강원,39908,4557,1055,110
2020,12,202012,충북,41872,4779,1078,121
2020,12,202012,충남,56427,6785,1399,142
2020,12,202012,전북,41178,4932,1067,73
2020,12,202012,전남,73124,5337,1997,86
2020,12,202012,경북,54146,6112,1707,149
2020,12,202012,경남,99980,16136,1850,178
2020,12,202012,제주,88424,4523,1561,22
2021,01,202101,서울,11867,3441,198,28
2021,01,202101,부산,6217,2683,70,5
2021,01,202101,대구,4287,1427,38,2
2021,01,202101,인천,9975,4376,124,8
2021,01,202101,광주,2737,497,29,0
2021,01,202101,대전,2700,496,74,3
2021,01,202101,울산,3191,236,21,0
2021,01,202101,세종,769,198,26,1
2021,01,202101,경기,25344,4586,368,19
2021,01,202101,강원,3170,333,64,3
2021,01,202101,충북,3544,406,34,1
2021,01,202101,충남,4650,457,88,5
2021,01,202101,전북,3300,384,74,3
2021,01,202101,전남,7241,427,107,3
2021,01,202101,경북,5092,455,111,2
2021,01,202101,경남,9018,1375,135,23
2021,01,202101,제주,6262,306,109,2
2021,02,202102,서울,20798,7007,371,48
2021,02,202102,부산,10598,5457,133,10
2021,02,202102,대구,7311,3005,82,4
2021,02,202102,인천,17872,8268,182,36
2021,02,202102,광주,4750,945,42,1
2021,02,202102,대전,4682,995,110,3
2021,02,202102,울산,5489,473,53,3
2021,02,202102,세종,1333,386,32,1
2021,02,202102,경기,45089,9558,672,56
2021,02,202102,강원,5540,693,126,4
2021,02,202102,충북,6164,882,85,2
2021,02,202102,충남,7993,975,146,11
2021,02,202102,전북,5834,758,116,8
2021,02,202102,전남,13610,850,155,7
2021,02,202102,경북,8586,983,176,3
2021,02,202102,경남,16070,2718,208,36
2021,02,202102,제주,12079,664,161,2
2021,03,202103,서울,32664,12383,535,69
2021,03,202103,부산,16567,9199,215,16
2021,03,202103,대구,11306,5010,138,7
2021,03,202103,인천,28346,12979,272,43
2021,03,202103,광주,7222,1575,75,2
2021,03,202103,대전,7357,1638,153,10
2021,03,202103,울산,8419,809,71,5
2021,03,202103,세종,2077,650,53,1
2021,03,202103,경기,70683,16926,1049,118
2021,03,202103,강원,8826,1188,195,8
2021,03,202103,충북,9534,1446,160,7
2021,03,202103,충남,12577,1719,220,20
2021,03,202103,전북,9119,1359,191,15
2021,03,202103,전남,21545,1449,239,8
2021,03,202103,경북,12957,1669,288,6
2021,03,202103,경남,24801,4402,352,41
2021,03,202103,제주,19652,1237,254,4
2021,04,202104,서울,44959,16598,685,86
2021,04,202104,부산,23110,12480,294,21
2021,04,202104,대구,15287,6809,203,11
2021,04,202104,인천,40366,17128,332,51
2021,04,202104,광주,9831,2106,96,2
2021,04,202104,대전,9958,2181,192,11
2021,04,202104,울산,11293,1110,99,8
2021,04,202104,세종,2844,852,65,1
2021,04,202104,경기,95861,22625,1394,163
2021,04,202104,강원,12194,1602,234,17
2021,04,202104,충북,12892,1887,220,12
2021,04,202104,충남,17324,2306,289,24
2021,04,202104,전북,12372,1793,240,18
2021,04,202104,전남,29838,1953,318,14
2021,04,202104,경북,17576,2232,352,7
2021,04,202104,경남,32799,6096,451,43
2021,04,202104,제주,28052,1797,290,6
2021,05,202105,서울,55411,21474,1051,110
2021,05,202105,부산,29136,16087,448,23
2021,05,202105,대구,18966,8853,295,14
2021,05,202105,인천,50332,21090,451,61
2021,05,202105,광주,12352,2693,153,3
2021,05,202105,대전,12494,2745,243,16
2021,05,202105,울산,13790,1362,153,8
2021,05,202105,세종,3522,1075,80,2
2021,05,202105,경기,117810,29237,1934,185
2021,05,202105,강원,15173,2115,305,24
2021,05,202105,충북,16022,2316,315,17
2021,05,202105,충남,21388,2990,391,28
2021,05,202105,전북,15227,2203,327,18
2021,05,202105,전남,36639,2452,453,17
2021,05,202105,경북,21746,2854,483,11
2021,05,202105,경남,39318,7720,603,46
2021,05,202105,제주,34687,2283,414,10
2021,06,202106,서울,67296,26431,1265,137
2021,06,202106,부산,36060,19979,586,29
2021,06,202106,대구,22928,11051,363,16
2021,06,202106,인천,62282,25971,611,66
2021,06,202106,광주,14932,3337,190,4
2021,06,202106,대전,15256,3472,292,20
2021,06,202106,울산,16522,1641,192,8
2021,06,202106,세종,4205,1318,88,5
2021,06,202106,경기,142641,36454,2429,228
2021,06,202106,강원,18457,2670,392,33
2021,06,202106,충북,19377,2906,386,18
2021,06,202106,충남,25728,3833,496,36
2021,06,202106,전북,18303,2881,411,20
2021,06,202106,전남,44516,3053,732,20
2021,06,202106,경북,26236,3533,614,12
2021,06,202106,경남,46401,9668,716,50
2021,06,202106,제주,42752,2769,570,14
2021,07,202107,서울,78821,30335,1470,162
2021,07,202107,부산,42887,23025,686,35
2021,07,202107,대구,26900,12800,431,18
2021,07,202107,인천,73628,30308,857,72
2021,07,202107,광주,17593,3874,238,4
2021,07,202107,대전,18095,3952,334,22
2021,07,202107,울산,19086,1897,230,8
2021,07,202107,세종,4934,1495,106,8
2021,07,202107,경기,167811,41891,2898,302
2021,07,202107,강원,21716,3030,471,38
2021,07,202107,충북,22908,3311,464,23
2021,07,202107,충남,30350,4405,624,38
2021,07,202107,전북,21478,3253,473,25
2021,07,202107,전남,51376,3497,878,22
2021,07,202107,경북,30636,4119,706,14
2021,07,202107,경남,53551,11197,835,62
2021,07,202107,제주,50316,3211,720,18
2021,08,202108,서울,88479,34619,1639,176
2021,08,202108,부산,48157,25936,766,45
2021,08,202108,대구,29808,14475,457,19
2021,08,202108,인천,81803,34089,967,75
2021,08,202108,광주,19676,4358,253,6
2021,08,202108,대전,20239,4585,361,28
2021,08,202108,울산,20960,2124,267,9
2021,08,202108,세종,5498,1669,110,9
2021,08,202108,경기,186578,47596,3178,328
2021,08,202108,강원,24306,3452,506,45
2021,08,202108,충북,25570,3755,519,25
2021,08,202108,충남,33723,4953,689,42
2021,08,202108,전북,24085,3683,525,27
2021,08,202108,전남,57105,3933,971,23
2021,08,202108,경북,34036,4625,773,14
2021,08,202108,경남,58907,12596,896,69
2021,08,202108,제주,55512,3580,795,18
2021,09,202109,서울,98013,38560,1771,187
2021,09,202109,부산,53515,28640,828,51
2021,09,202109,대구,32805,16047,512,19
2021,09,202109,인천,90039,37528,1050,84
2021,09,202109,광주,21603,4813,285,9
2021,09,202109,대전,22392,5108,395,28
2021,09,202109,울산,22926,2332,292,9
2021,09,202109,세종,6059,1830,114,9
2021,09,202109,경기,204528,52655,3468,360
2021,09,202109,강원,26684,3880,563,48
2021,09,202109,충북,28129,4136,575,33
2021,09,202109,충남,36825,5429,748,48
2021,09,202109,전북,26465,4049,567,29
2021,09,202109,전남,62373,4330,1042,27
2021,09,202109,경북,37086,5111,853,15
2021,09,202109,경남,64099,13885,968,73
2021,09,202109,제주,61097,3948,875,24
2021,10,202110,서울,108305,41408,1939,202
2021,10,202110,부산,59097,30971,903,58
2021,10,202110,대구,36442,17480,554,19
2021,10,202110,인천,98258,40669,1142,90
2021,10,202110,광주,23661,5223,325,11
2021,10,202110,대전,24949,5501,431,29
2021,10,202110,울산,25024,2531,333,10
2021,10,202110,세종,6655,1994,123,10
2021,10,202110,경기,224954,57031,3802,388
2021,10,202110,강원,29509,4206,607,59
2021,10,202110,충북,30878,4471,627,34
2021,10,202110,충남,40469,5886,832,50
2021,10,202110,전북,29118,4350,605,32
2021,10,202110,전남,68141,4751,1122,30
2021,10,202110,경북,40559,5548,923,17
2021,10,202110,경남,70466,15022,1039,79
2021,10,202110,제주,66840,4267,959,25
2021,11,202111,서울,121006,45315,2138,227
2021,11,202111,부산,65799,33257,982,64
2021,11,202111,대구,39956,18948,614,21
2021,11,202111,인천,107729,44054,1247,93
2021,11,202111,광주,25848,5553,359,12
2021,11,202111,대전,27198,5888,479,30
2021,11,202111,울산,27347,2729,353,12
2021,11,202111,세종,7323,2140,129,10
2021,11,202111,경기,247772,61455,4202,457
2021,11,202111,강원,32530,4557,655,71
2021,11,202111,충북,33830,4874,667,37
2021,11,202111,충남,44447,6359,955,55
2021,11,202111,전북,31984,4675,659,35
2021,11,202111,전남,74850,5105,1386,33
2021,11,202111,경북,44736,6063,1008,22
2021,11,202111,경남,77132,16326,1104,89
2021,11,202111,제주,73966,4579,1028,29
2021,12,202112,서울,132666,48600,2330,300
2021,12,202112,부산,72829,35918,1110,72
2021,12,202112,대구,43137,20647,706,22
2021,12,202112,인천,118023,50104,1324,110
2021,12,202112,광주,28034,5963,410,14
2021,12,202112,대전,29266,6277,526,34
2021,12,202112,울산,29633,2973,385,13
2021,12,202112,세종,8063,2318,140,11
2021,12,202112,경기,268726,66359,4685,624
2021,12,202112,강원,35229,4872,723,82
2021,12,202112,충북,36730,5223,745,41
2021,12,202112,충남,47957,6846,1073,70
2021,12,202112,전북,34321,5033,743,38
2021,12,202112,전남,82938,5515,1530,36
2021,12,202112,경북,48283,6538,1111,24
2021,12,202112,경남,83670,17734,1226,98
2021,12,202112,제주,80717,4941,1069,47
2022,01,202201,서울,10064,2579,184,64
2022,01,202201,부산,6374,2241,69,9
2022,01,202201,대구,3266,1227,69,2
2022,01,202201,인천,11280,3073,87,4
2022,01,202201,광주,2192,362,37,1
2022,01,202201,대전,2152,379,30,3
2022,01,202201,울산,2363,168,27,1
2022,01,202201,세종,684,136,2,1
2022,01,202201,경기,21592,3791,288,79
2022,01,202201,강원,2649,250,52,6
2022,01,202201,충북,2790,297,54,10
2022,01,202201,충남,3858,359,87,3
2022,01,202201,전북,2840,269,37,3
2022,01,202201,전남,5523,338,57,5
2022,01,202201,경북,3944,386,87,2
2022,01,202201,경남,6162,1074,71,10
2022,01,202201,제주,6353,263,44,12
2022,02,202202,서울,17887,5443,373,120
2022,02,202202,부산,12268,4845,142,17
2022,02,202202,대구,5973,2820,97,2
2022,02,202202,인천,18988,6603,161,12
2022,02,202202,광주,3986,727,70,3
2022,02,202202,대전,3894,758,49,5
2022,02,202202,울산,4287,332,57,1
2022,02,202202,세종,1129,277,6,2
2022,02,202202,경기,38130,7861,536,152
2022,02,202202,강원,4646,503,86,10
2022,02,202202,충북,5055,615,95,12
2022,02,202202,충남,6758,770,124,8
2022,02,202202,전북,4888,558,52,6
2022,02,202202,전남,11559,739,96,9
2022,02,202202,경북,6841,762,129,8
2022,02,202202,경남,11772,2385,114,22
2022,02,202202,제주,11747,603,76,14
2022,03,202203,서울,27485,9482,562,148
2022,03,202203,부산,19134,8431,217,27
2022,03,202203,대구,9012,4797,147,4
2022,03,202203,인천,29849,11223,251,27
2022,03,202203,광주,6062,1230,86,5
2022,03,202203,대전,6146,1318,70,6
2022,03,202203,울산,6395,591,93,2
2022,03,202203,세종,1773,489,9,3
2022,03,202203,경기,58827,13917,805,221
2022,03,202203,강원,7287,932,129,14
2022,03,202203,충북,8089,1226,116,17
2022,03,202203,충남,10478,1500,175,16
2022,03,202203,전북,7728,1025,72,8
2022,03,202203,전남,18925,1258,164,14
2022,03,202203,경북,10515,1344,166,30
2022,03,202203,경남,18868,4270,179,28
2022,03,202203,제주,18198,1069,127,15
2022,04,202204,서울,37614,13148,773,173
2022,04,202204,부산,25258,11527,310,40
2022,04,202204,대구,12298,6557,186,9
2022,04,202204,인천,40395,15115,354,39
2022,04,202204,광주,8233,1701,131,10
2022,04,202204,대전,9062,1844,94,10
2022,04,202204,울산,8664,802,127,3
2022,04,202204,세종,2526,623,13,3
2022,04,202204,경기,81372,18667,1097,327
2022,04,202204,강원,10160,1355,176,26
2022,04,202204,충북,11220,1616,143,20
2022,04,202204,충남,14263,1978,242,25
2022,04,202204,전북,10379,1405,117,13
2022,04,202204,전남,26698,1770,266,14
2022,04,202204,경북,14356,1870,229,39
2022,04,202204,경남,26622,5934,242,30
2022,04,202204,제주,25554,1490,213,20
2022,05,202205,서울,48007,16956,984,183
2022,05,202205,부산,31352,14399,385,42
2022,05,202205,대구,15787,8535,240,10
2022,05,202205,인천,50630,19921,473,49
2022,05,202205,광주,10495,2165,188,11
2022,05,202205,대전,11704,2389,158,11
2022,05,202205,울산,10953,1025,159,3
2022,05,202205,세종,3158,810,28,3
2022,05,202205,경기,103628,23950,1538,374
2022,05,202205,강원,12923,1771,243,33
2022,05,202205,충북,14131,2158,214,25
2022,05,202205,충남,18081,2537,333,30
2022,05,202205,전북,12847,1763,181,18
2022,05,202205,전남,34282,2196,409,19
2022,05,202205,경북,18229,2439,319,41
2022,05,202205,경남,34358,7773,337,33
2022,05,202205,제주,32642,1979,291,22
2022,06,202206,서울,57280,20579,1278,198
2022,06,202206,부산,37474,17447,483,46
2022,06,202206,대구,18903,10597,296,10
2022,06,202206,인천,60266,24420,627,57
2022,06,202206,광주,12605,2649,263,11
2022,06,202206,대전,13710,2869,212,13
2022,06,202206,울산,13081,1229,222,3
2022,06,202206,세종,3787,982,50,3
2022,06,202206,경기,124250,29189,2039,467
2022,06,202206,강원,15507,2155,315,40
2022,06,202206,충북,16711,2584,271,25
2022,06,202206,충남,21685,3214,424,32
2022,06,202206,전북,15255,2184,238,18
2022,06,202206,전남,41454,2678,546,19
2022,06,202206,경북,21562,2915,410,44
2022,06,202206,경남,42356,9468,447,35
2022,06,202206,제주,38638,2459,356,22
2022,07,202207,서울,68233,23749,1488,215
2022,07,202207,부산,44040,19819,600,52
2022,07,202207,대구,22848,12204,342,10
2022,07,202207,인천,70717,28099,847,65
2022,07,202207,광주,14988,3042,302,11
2022,07,202207,대전,16457,3366,244,13
2022,07,202207,울산,15582,1452,247,3
2022,07,202207,세종,4447,1147,66,4
2022,07,202207,경기,147745,33814,2507,499
2022,07,202207,강원,18474,2524,382,43
2022,07,202207,충북,20096,2975,327,25
2022,07,202207,충남,25931,3773,518,32
2022,07,202207,전북,17984,2560,315,18
2022,07,202207,전남,49145,3089,662,22
2022,07,202207,경북,25952,3371,509,45
2022,07,202207,경남,51697,11056,533,35
2022,07,202207,제주,45950,2999,492,22
2022,08,202208,서울,77290,27890,1717,236
2022,08,202208,부산,49566,22558,732,54
2022,08,202208,대구,25815,14272,406,12
2022,08,202208,인천,79774,32552,1062,69
2022,08,202208,광주,16943,3577,350,12
2022,08,202208,대전,18630,4039,279,13
2022,08,202208,울산,17546,1659,287,3
2022,08,202208,세종,4942,1327,74,4
2022,08,202208,경기,167006,40060,2913,518
2022,08,202208,강원,21086,3030,435,49
2022,08,202208,충북,22720,3546,384,28
2022,08,202208,충남,29194,4409,600,33
2022,08,202208,전북,20660,3015,374,18
2022,08,202208,전남,54694,3608,848,22
2022,08,202208,경북,29283,3989,591,46
2022,08,202208,경남,58427,13065,638,39
2022,08,202208,제주,51773,3600,609,24
2022,09,202209,서울,87146,32284,1917,245
2022,09,202209,부산,55528,25477,813,55
2022,09,202209,대구,29180,15948,452,13
2022,09,202209,인천,88686,36729,1169,70
2022,09,202209,광주,19166,4104,399,12
2022,09,202209,대전,21135,4663,309,13
2022,09,202209,울산,19969,1945,324,3
2022,09,202209,세종,5540,1504,80,4
2022,09,202209,경기,188751,46502,3258,576
2022,09,202209,강원,23726,3476,490,52
2022,09,202209,충북,25553,4057,447,31
2022,09,202209,충남,33043,5054,678,33
2022,09,202209,전북,23401,3513,424,18
2022,09,202209,전남,60979,4123,953,23
2022,09,202209,경북,33267,4631,661,48
2022,09,202209,경남,64796,15081,703,42
2022,09,202209,제주,57566,4391,664,25
2022,10,202210,서울,96942,35923,2128,259
2022,10,202210,부산,61730,28539,895,60
2022,10,202210,대구,32483,17517,516,14
2022,10,202210,인천,97929,40892,1349,76
2022,10,202210,광주,21365,4597,435,12
2022,10,202210,대전,23344,5266,362,14
2022,10,202210,울산,22505,2193,353,3
2022,10,202210,세종,6119,1661,85,4
2022,10,202210,경기,209886,52067,3636,606
2022,10,202210,강원,26412,3892,544,53
2022,10,202210,충북,28366,4473,491,31
2022,10,202210,충남,36494,5650,757,34
2022,10,202210,전북,25956,3918,479,19
2022,10,202210,전남,68170,4642,1096,24
2022,10,202210,경북,37140,5197,748,51
2022,10,202210,경남,71640,17319,783,44
2022,10,202210,제주,63865,5125,741,26
2022,11,202211,서울,108500,40795,2440,297
2022,11,202211,부산,68937,31609,1028,62
2022,11,202211,대구,36411,19045,617,18
2022,11,202211,인천,108045,45325,1565,80
2022,11,202211,광주,23898,5175,477,12
2022,11,202211,대전,25980,5940,408,18
2022,11,202211,울산,25194,2488,404,3
2022,11,202211,세종,6826,1868,91,4
2022,11,202211,경기,234507,58803,4084,685
2022,11,202211,강원,29756,4456,631,57
2022,11,202211,충북,31425,5030,574,31
2022,11,202211,충남,40814,6367,925,34
2022,11,202211,전북,28848,4408,588,19
2022,11,202211,전남,75381,5184,1256,24
2022,11,202211,경북,41850,5899,870,55
2022,11,202211,경남,78929,20239,890,65
2022,11,202211,제주,70388,5850,868,27
2022,12,202212,서울,120251,45666,2745,316
2022,12,202212,부산,75303,34529,1204,65
2022,12,202212,대구,39748,20367,673,19
2022,12,202212,인천,115432,49568,1723,87
2022,12,202212,광주,26228,5791,515,12
2022,12,202212,대전,28327,6559,441,25
2022,12,202212,울산,27939,2778,441,4
2022,12,202212,세종,7362,2074,115,4
2022,12,202212,경기,256630,65713,4769,793
2022,12,202212,강원,32650,5000,721,58
2022,12,202212,충북,34232,5599,647,33
2022,12,202212,충남,44590,7044,1043,39
2022,12,202212,전북,31573,4925,689,20
2022,12,202212,전남,81048,5748,1403,24
2022,12,202212,경북,45955,6605,958,55
2022,12,202212,경남,86109,23954,1013,69
2022,12,202212,제주,75880,6404,982,27
2023,01,202301,서울,11400,2702,208,25
2023,01,202301,부산,6769,1843,126,3
2023,01,202301,대구,4251,806,42,0
2023,01,202301,인천,8223,2599,144,7
2023,01,202301,광주,2780,310,23,1
2023,01,202301,대전,2640,357,35,0
2023,01,202301,울산,3536,156,40,0
2023,01,202301,세종,664,121,3,0
2023,01,202301,경기,25872,3648,398,35
2023,01,202301,강원,3345,261,61,0
2023,01,202301,충북,3558,284,68,1
2023,01,202301,충남,5004,411,113,2
2023,01,202301,전북,3434,278,60,0
2023,01,202301,전남,6385,375,126,0
2023,01,202301,경북,5037,418,97,3
2023,01,202301,경남,7300,1356,103,10
2023,01,202301,제주,5675,292,93,0
2023,02,202302,서울,20656,6132,447,45
2023,02,202302,부산,12483,4243,233,4
2023,02,202302,대구,7867,1965,104,1
2023,02,202302,인천,15883,5969,327,9
2023,02,202302,광주,5130,792,54,1
2023,02,202302,대전,4962,786,79,1
2023,02,202302,울산,6897,398,79,0
2023,02,202302,세종,1248,289,9,1
2023,02,202302,경기,47214,8382,952,75
2023,02,202302,강원,6221,599,141,1
2023,02,202302,충북,6581,701,126,1
2023,02,202302,충남,8958,944,233,3
2023,02,202302,전북,6431,641,118,0
2023,02,202302,전남,13128,812,265,2
2023,02,202302,경북,9338,930,222,4
2023,02,202302,경남,14164,3621,228,10
2023,02,202302,제주,11120,687,184,1
2023,03,202303,서울,33386,10390,729,66
2023,03,202303,부산,19779,7110,355,6
2023,03,202303,대구,11936,3337,180,1
2023,03,202303,인천,24735,9364,591,13
2023,03,202303,광주,7914,1286,106,1
2023,03,202303,대전,7763,1269,130,1
2023,03,202303,울산,10659,683,137,0
2023,03,202303,세종,2043,473,15,1
2023,03,202303,경기,76188,14319,1527,109
2023,03,202303,강원,10096,998,254,2
2023,03,202303,충북,10733,1149,212,1
2023,03,202303,충남,14586,1641,403,4
2023,03,202303,전북,10838,1123,196,1
2023,03,202303,전남,21227,1317,452,2
2023,03,202303,경북,14978,1520,348,7
2023,03,202303,경남,23090,5764,378,11
2023,03,202303,제주,17948,1177,305,4
2023,04,202304,서울,44275,13829,938,87
2023,04,202304,부산,26306,9697,473,9
2023,04,202304,대구,15521,4478,256,2
2023,04,202304,인천,33273,12594,745,15
2023,04,202304,광주,10338,1684,140,1
2023,04,202304,대전,10143,1653,174,1
2023,04,202304,울산,14049,914,187,1
2023,04,202304,세종,2719,620,20,1
2023,04,202304,경기,100643,19053,2091,125
2023,04,202304,강원,13236,1340,355,4
2023,04,202304,충북,14096,1513,290,1
2023,04,202304,충남,19093,2101,522,5
2023,04,202304,전북,14199,1528,264,1
2023,04,202304,전남,29074,1791,605,2
2023,04,202304,경북,19742,2036,449,7
2023,04,202304,경남,32484,7498,488,15
2023,04,202304,제주,24472,1624,454,4
2023,05,202305,서울,55311,17045,1178,120
2023,05,202305,부산,32796,12422,605,13
2023,05,202305,대구,19096,5691,300,2
2023,05,202305,인천,42458,16263,901,18
2023,05,202305,광주,12667,2080,182,1
2023,05,202305,대전,12759,2005,211,2
2023,05,202305,울산,16941,1131,224,3
2023,05,202305,세종,3399,764,40,1
2023,05,202305,경기,125053,23765,2619,159
2023,05,202305,강원,16368,1697,432,11
2023,05,202305,충북,17400,1875,356,1
2023,05,202305,충남,23614,2567,608,6
2023,05,202305,전북,17313,1864,337,2
2023,05,202305,전남,37528,2225,786,3
2023,05,202305,경북,24155,2519,545,12
2023,05,202305,경남,41637,9691,615,19
2023,05,202305,제주,31084,2060,546,4
2023,06,202306,서울,67535,21575,1379,142
2023,06,202306,부산,38845,16341,700,16
2023,06,202306,대구,22955,7231,360,2
2023,06,202306,인천,51978,20771,1099,21
2023,06,202306,광주,15115,2601,242,2
2023,06,202306,대전,16354,2541,243,6
2023,06,202306,울산,20220,1427,255,3
2023,06,202306,세종,4196,960,51,1
2023,06,202306,경기,151533,30195,3232,277
2023,06,202306,충북,20868,2369,454,3
2023,06,202306,충남,28401,3173,725,7
2023,06,202306,전북,20806,2317,451,2
2023,06,202306,전남,45987,2770,937,3
2023,06,202306,경북,28863,3191,693,16
2023,06,202306,경남,52353,12159,763,23
2023,06,202306,제주,38336,2576,640,4
2023,06,202306,강원,19724,2122,551,29
2023,07,202307,서울,77943,24884,1565,188
2023,07,202307,부산,44827,19042,786,17
2023,07,202307,대구,26133,8339,448,2
2023,07,202307,인천,59943,24564,1216,28
2023,07,202307,광주,17304,2991,306,2
2023,07,202307,대전,19283,3022,304,7
2023,07,202307,울산,22839,1619,278,4
2023,07,202307,세종,4871,1087,66,2
2023,07,202307,경기,174238,34804,3773,309
2023,07,202307,충북,23961,2711,534,4
2023,07,202307,충남,32509,3674,841,10
2023,07,202307,전북,23793,2666,555,2
2023,07,202307,전남,52529,3143,1113,3
2023,07,202307,경북,32973,3728,786,18
2023,07,202307,경남,62867,13866,891,25
2023,07,202307,제주,45887,3025,712,7
2023,07,202307,강원,22856,2455,614,34
2023,08,202308,서울,86594,28565,1737,212
2023,08,202308,부산,49847,22546,881,21
2023,08,202308,대구,28965,9696,526,2
2023,08,202308,인천,66914,28494,1341,39
2023,08,202308,광주,19172,3414,357,3
2023,08,202308,대전,21815,3475,337,7
2023,08,202308,울산,25009,1873,315,4
2023,08,202308,세종,5433,1252,85,3
2023,08,202308,경기,193558,40064,4212,374
2023,08,202308,충북,26685,3158,614,8
2023,08,202308,충남,36131,4255,932,12
2023,08,202308,전북,26287,3073,645,2
2023,08,202308,전남,57816,3580,1217,7
2023,08,202308,경북,36379,4238,882,18
2023,08,202308,경남,70511,15827,992,34
2023,08,202308,제주,51997,3459,790,8
2023,08,202308,강원,25387,2815,678,40
2023,09,202309,서울,96555,32710,1926,234
2023,09,202309,부산,55604,25691,974,21
2023,09,202309,대구,32151,11371,581,2
2023,09,202309,인천,75263,32802,1461,52
2023,09,202309,광주,21440,3891,391,3
2023,09,202309,대전,24930,4076,388,8
2023,09,202309,울산,27511,2155,359,5
2023,09,202309,세종,6068,1519,105,3
2023,09,202309,경기,216043,46619,4726,467
2023,09,202309,충북,29751,3692,694,9
2023,09,202309,충남,40166,4918,1042,12
2023,09,202309,전북,29289,3578,735,2
2023,09,202309,전남,63678,4057,1323,7
2023,09,202309,경북,40376,4777,978,19
2023,09,202309,경남,78200,17851,1096,37
2023,09,202309,제주,59504,3951,861,12
2023,09,202309,강원,28358,3282,752,43
2023,10,202310,서울,106250,36632,2117,249
2023,10,202310,부산,60958,28882,1069,23
2023,10,202310,대구,35231,12853,638,4
2023,10,202310,인천,82997,36440,1591,58
2023,10,202310,광주,23786,4365,432,3
2023,10,202310,대전,27810,4574,426,9
2023,10,202310,울산,30452,2411,396,5
2023,10,202310,세종,6704,1691,108,3
2023,10,202310,경기,237945,52166,5289,584
2023,10,202310,충북,32836,4154,779,16
2023,10,202310,충남,44515,5509,1134,16
2023,10,202310,전북,32198,4014,823,4
2023,10,202310,전남,69221,4497,1428,8
2023,10,202310,경북,44023,5240,1068,20
2023,10,202310,경남,86217,19642,1223,48
2023,10,202310,제주,66138,4387,920,12
2023,10,202310,강원,31243,3658,832,43
2023,11,202311,서울,117338,40923,2348,280
2023,11,202311,부산,67021,32818,1169,25
2023,11,202311,대구,38978,14700,711,4
2023,11,202311,인천,91370,40678,1736,69
2023,11,202311,광주,26459,4896,461,3
2023,11,202311,대전,31660,5195,454,10
2023,11,202311,울산,33823,2744,451,5
2023,11,202311,세종,7449,1832,125,3
2023,11,202311,경기,262834,58528,5847,716
2023,11,202311,충북,36333,4609,862,32
2023,11,202311,충남,49143,6099,1245,18
2023,11,202311,전북,35703,4550,904,4
2023,11,202311,전남,75984,5075,1512,11
2023,11,202311,경북,48662,5869,1245,20
2023,11,202311,경남,95088,21712,1356,66
2023,11,202311,제주,73302,4922,998,14
2023,11,202311,강원,34545,4136,908,51
2023,12,202312,서울,126103,45195,2695,315
2023,12,202312,부산,72045,36894,1295,27
2023,12,202312,대구,41719,16326,780,4
2023,12,202312,인천,98840,46075,1950,94
2023,12,202312,광주,28324,5388,499,3
2023,12,202312,대전,34759,5699,496,10
2023,12,202312,울산,36128,2980,498,5
2023,12,202312,세종,7975,2042,129,3
2023,12,202312,경기,281719,64166,6429,1092
2023,12,202312,충북,38962,5090,934,36
2023,12,202312,충남,52832,6679,1354,18
2023,12,202312,전북,38241,4974,1015,4
2023,12,202312,전남,81836,5566,1638,12
2023,12,202312,경북,52305,6475,1375,21
2023,12,202312,경남,102422,24035,1518,70
2023,12,202312,제주,79549,5374,1073,17
2023,12,202312,강원,36985,4613,964,54
2024,01,202401,서울,11776,2078,216,31
2024,01,202401,부산,6697,1881,94,0
2024,01,202401,대구,3897,744,55,1
2024,01,202401,인천,8675,1902,161,1
2024,01,202401,광주,2677,248,34,0
2024,01,202401,대전,3807,262,48,1
2024,01,202401,울산,3418,128,43,0
2024,01,202401,세종,839,92,6,0
2024,01,202401,경기,27002,2860,438,36
2024,01,202401,충북,3800,227,88,2
2024,01,202401,충남,5127,304,118,0
2024,01,202401,전남,6784,229,119,1
2024,01,202401,경북,5086,333,117,1
2024,01,202401,경남,8961,1181,140,2
2024,01,202401,제주,6587,226,142,1
2024,01,202401,강원,3341,221,58,0
2024,01,202401,전북,3602,228,79,0
2024,02,202402,서울,20066,4640,445,53
2024,02,202402,부산,11950,4098,162,2
2024,02,202402,대구,6711,1590,102,1
2024,02,202402,인천,15679,4302,304,5
2024,02,202402,광주,4638,582,68,0
2024,02,202402,대전,6340,575,81,1
2024,02,202402,울산,5624,285,88,0
2024,02,202402,세종,1393,225,29,0
2024,02,202402,경기,46313,6502,784,71
2024,02,202402,충북,6395,511,161,2
2024,02,202402,충남,8664,694,222,1
2024,02,202402,전남,12588,552,228,2
2024,02,202402,경북,8629,741,213,2
2024,02,202402,경남,15555,2511,220,10
2024,02,202402,제주,11407,689,242,1
2024,02,202402,강원,5731,516,123,3
2024,02,202402,전북,6065,497,132,0
2024,03,202403,서울,29470,8481,600,110
2024,03,202403,부산,18083,7336,251,3
2024,03,202403,대구,10050,2836,151,1
2024,03,202403,인천,24182,7451,389,8
2024,03,202403,광주,6739,1047,102,1
2024,03,202403,대전,9368,1116,122,2
2024,03,202403,울산,8060,577,117,0
2024,03,202403,세종,2052,413,43,0
2024,03,202403,경기,69411,12795,1175,97
2024,03,202403,충북,9695,1114,239,4
2024,03,202403,충남,13181,1439,315,3
2024,03,202403,전남,20094,1301,369,3
2024,03,202403,경북,13020,1449,288,2
2024,03,202403,경남,23701,4464,324,11
2024,03,202403,제주,18559,1100,378,2
2024,03,202403,강원,8568,960,173,4
2024,03,202403,전북,9131,1006,217,1
2024,04,202404,서울,39164,11863,832,157
2024,04,202404,부산,24776,10652,343,5
2024,04,202404,대구,13352,3959,201,2
2024,04,202404,인천,33463,10353,529,10
2024,04,202404,광주,8995,1487,140,1
2024,04,202404,대전,12251,1579,172,4
2024,04,202404,울산,10562,802,159,0
2024,04,202404,세종,2653,565,70,0
2024,04,202404,경기,92452,17676,1649,154
2024,04,202404,충북,12972,1582,310,6
2024,04,202404,충남,17819,1998,417,6
2024,04,202404,전남,27730,1848,704,11
2024,04,202404,경북,17259,1971,401,3
2024,04,202404,경남,31391,6360,466,15
2024,04,202404,제주,26640,1604,513,2
2024,04,202404,강원,11611,1376,231,4
2024,04,202404,전북,12031,1414,294,2
2024,05,202405,서울,48427,16137,1027,180
2024,05,202405,부산,31461,14398,446,5
2024,05,202405,대구,16649,5343,265,2
2024,05,202405,인천,41851,13552,679,11
2024,05,202405,광주,11083,2062,171,1
2024,05,202405,대전,15105,2161,206,5
2024,05,202405,울산,13007,1126,203,0
2024,05,202405,세종,3201,740,106,0
2024,05,202405,경기,114319,23688,2079,182
2024,05,202405,충북,16028,2145,400,6
2024,05,202405,충남,22000,2647,518,9
2024,05,202405,전남,34533,2354,897,11
2024,05,202405,경북,21174,2608,483,3
2024,05,202405,경남,39713,8316,565,17
2024,05,202405,제주,34018,2165,657,2
2024,05,202405,강원,14457,1887,291,4
2024,05,202405,전북,14934,1913,360,3
2024,06,202406,서울,57398,20900,1228,216
2024,06,202406,부산,37462,18109,573,7
2024,06,202406,대구,19683,6900,343,2
2024,06,202406,인천,49889,17039,891,14
2024,06,202406,광주,13078,2612,209,1
2024,06,202406,대전,18449,2830,261,7
2024,06,202406,울산,15246,1475,240,0
2024,06,202406,세종,3742,890,117,0
2024,06,202406,경기,134156,30055,2515,213
2024,06,202406,충북,18806,2751,477,9
2024,06,202406,충남,25829,3246,629,10
2024,06,202406,전남,40731,2844,1046,15
2024,06,202406,경북,24697,3316,563,3
2024,06,202406,경남,47021,10670,699,27
2024,06,202406,제주,41234,2768,763,3
2024,06,202406,강원,16978,2396,362,10
2024,06,202406,전북,17525,2450,450,21
2024,07,202407,서울,67807,25005,1503,234
2024,07,202407,부산,44238,21516,691,7
2024,07,202407,대구,23129,8214,408,3
2024,07,202407,인천,58509,20537,1121,22
2024,07,202407,광주,15248,3092,263,1
2024,07,202407,대전,21215,3353,307,7
2024,07,202407,울산,17793,1790,293,0
2024,07,202407,세종,4367,1062,125,9
2024,07,202407,경기,156666,35452,2966,271
2024,07,202407,충북,22042,3287,595,16
2024,07,202407,충남,30165,3800,794,15
2024,07,202407,전남,47476,3356,1161,17
2024,07,202407,경북,28929,3959,715,4
2024,07,202407,경남,56264,12599,847,33
2024,07,202407,제주,49043,3271,884,3
2024,07,202407,강원,19956,2821,468,11
2024,07,202407,전북,20768,2966,534,22
2024,08,202408,서울,75185,29240,1735,266
2024,08,202408,부산,50110,24986,785,9
2024,08,202408,대구,25693,9568,455,3
2024,08,202408,인천,65821,23684,1288,23
2024,08,202408,광주,16853,3535,288,1
2024,08,202408,대전,23335,3949,346,10
2024,08,202408,울산,19747,2089,336,0
2024,08,202408,세종,4825,1217,147,45
2024,08,202408,경기,174175,41297,3397,317
2024,08,202408,충북,24470,3857,659,17
2024,08,202408,충남,33560,4456,915,15
2024,08,202408,전남,53279,3849,1254,19
2024,08,202408,경북,31950,4602,805,5
2024,08,202408,경남,62942,14514,941,37
2024,08,202408,제주,54555,3812,958,4
2024,08,202408,강원,22221,3306,520,11
2024,08,202408,전북,23332,3476,590,23
2024,09,202409,서울,83548,33526,1955,273
2024,09,202409,부산,56426,28966,853,14
2024,09,202409,대구,28506,11026,514,3
2024,09,202409,인천,73663,27211,1463,34
2024,09,202409,광주,18796,4067,325,1
2024,09,202409,대전,25642,4551,391,11
2024,09,202409,울산,22231,2365,371,0
2024,09,202409,세종,5366,1389,152,47
2024,09,202409,경기,194352,46839,3868,348
2024,09,202409,충북,27375,4349,741,19
2024,09,202409,충남,37541,5093,1010,15
2024,09,202409,전남,60181,4290,1385,19
2024,09,202409,경북,35392,5220,913,5
2024,09,202409,경남,70297,17248,1036,37
2024,09,202409,제주,60937,4281,1056,4
2024,09,202409,강원,24754,3769,574,11
2024,09,202409,전북,26118,3989,647,24
2024,10,202410,서울,93164,37242,2207,293
2024,10,202410,부산,63466,32340,998,28
2024,10,202410,대구,31750,12300,594,3
2024,10,202410,인천,83252,30102,1734,74
2024,10,202410,광주,21198,4504,362,1
2024,10,202410,대전,28434,5004,454,11
2024,10,202410,울산,24894,2606,421,2
2024,10,202410,세종,6065,1543,186,47
2024,10,202410,경기,218507,51636,4454,437
2024,10,202410,충북,31083,4775,851,20
2024,10,202410,충남,42240,5612,1141,17
2024,10,202410,전남,68419,4682,1511,19
2024,10,202410,경북,39545,5676,1029,5
2024,10,202410,경남,79094,19165,1204,46
2024,10,202410,제주,67652,5526,1181,9
2024,10,202410,강원,27888,4168,664,11
2024,10,202410,전북,29410,4402,733,24
2024,11,202411,서울,103076,41450,2444,313
2024,11,202411,부산,70410,36152,1159,29
2024,11,202411,대구,35121,13893,639,4
2024,11,202411,인천,92371,33498,1916,80
2024,11,202411,광주,23607,5005,411,1
2024,11,202411,대전,31363,5552,496,11
2024,11,202411,울산,27613,2897,477,2
2024,11,202411,세종,6769,1732,211,47
2024,11,202411,경기,242580,57367,5059,515
2024,11,202411,충북,34418,5242,930,20
2024,11,202411,충남,46593,6202,1291,21
2024,11,202411,전남,76119,5126,1640,19
2024,11,202411,경북,44085,6323,1160,5
2024,11,202411,경남,87665,21213,1346,50
2024,11,202411,제주,74954,6134,1334,11
2024,11,202411,강원,30985,4631,752,12
2024,11,202411,전북,32582,4863,823,24
2024,12,202412,서울,112391,45916,2708,338
2024,12,202412,부산,77468,39814,1329,31
2024,12,202412,대구,38026,15393,700,4
2024,12,202412,인천,101644,36882,2064,88
2024,12,202412,광주,25762,5511,441,1
2024,12,202412,대전,33657,6212,542,11
2024,12,202412,울산,30225,3209,574,4
2024,12,202412,세종,7461,1921,220,47
2024,12,202412,경기,264571,62798,5734,787
2024,12,202412,충북,37065,5708,1000,24
2024,12,202412,충남,50517,6753,1389,22
2024,12,202412,전남,83518,5586,1845,23
2024,12,202412,경북,47946,6946,1267,6
2024,12,202412,경남,96536,23230,1459,79
2024,12,202412,제주,81072,6758,1480,11
2024,12,202412,강원,33634,5091,827,35
2024,12,202412,전북,35325,5304,920,24
2025,01,202501,서울,8726,2589,180,6
2025,01,202501,부산,6140,2858,102,10
2025,01,202501,대구,3187,922,45,0
2025,01,202501,인천,7714,2289,104,5
2025,01,202501,광주,2143,304,41,0
2025,01,202501,대전,2754,355,38,0
2025,01,202501,울산,2846,192,42,0
2025,01,202501,세종,630,112,10,0
2025,01,202501,경기,21514,3174,452,40
2025,01,202501,충북,3105,272,59,0
2025,01,202501,충남,4303,382,89,3
2025,01,202501,전남,6503,340,106,1
2025,01,202501,경북,4246,455,120,1
2025,01,202501,경남,8901,1581,101,6
2025,01,202501,제주,5609,347,93,0
2025,01,202501,강원,2834,258,74,0
2025,01,202501,전북,2970,313,80,0
2025,02,202502,서울,17170,5972,326,11
2025,02,202502,부산,12457,6261,182,20
2025,02,202502,대구,6238,1997,118,0
2025,02,202502,인천,15967,5002,227,12
2025,02,202502,광주,4385,708,81,1
2025,02,202502,대전,5199,844,72,1
2025,02,202502,울산,5711,449,83,1
2025,02,202502,세종,1220,271,20,1
2025,02,202502,경기,42865,7998,901,105
2025,02,202502,충북,6244,763,115,1
2025,02,202502,충남,8650,968,193,6
2025,02,202502,전남,13545,743,218,1
2025,02,202502,경북,8719,1032,255,1
2025,02,202502,경남,18013,3591,191,13
2025,02,202502,제주,11830,732,169,0
2025,02,202502,강원,5488,651,128,0
2025,02,202502,전북,6065,761,143,0
2025,03,202503,서울,26352,10135,480,21
2025,03,202503,부산,19043,10404,290,25
2025,03,202503,대구,9648,3510,183,0
2025,03,202503,인천,25724,8092,378,25
2025,03,202503,광주,6629,1224,126,2
2025,03,202503,대전,7900,1447,119,1
2025,03,202503,울산,8464,745,163,3
2025,03,202503,세종,1860,432,30,1
2025,03,202503,경기,65798,13908,1466,125
2025,03,202503,충북,9694,1317,212,3
2025,03,202503,충남,13344,1603,331,7
2025,03,202503,전남,21388,1278,333,1
2025,03,202503,경북,12910,1716,364,1
2025,03,202503,경남,27087,6161,318,16
2025,03,202503,제주,18923,1186,300,0
2025,03,202503,강원,8352,1172,223,1
2025,03,202503,전북,9186,1279,258,1
2025,04,202504,서울,36556,13776,717,27
2025,04,202504,부산,25748,14132,447,30
2025,04,202504,대구,13209,4863,269,3
2025,04,202504,인천,36568,11024,543,55
2025,04,202504,광주,8972,1698,186,2
2025,04,202504,대전,11293,1979,168,1
2025,04,202504,울산,11709,1019,243,3
2025,04,202504,세종,2536,573,37,1
2025,04,202504,경기,89931,18836,1963,147
2025,04,202504,충북,13203,1751,302,3
2025,04,202504,충남,18087,2094,445,8
2025,04,202504,전남,30504,1697,505,1
2025,04,202504,경북,17233,2261,482,2
2025,04,202504,경남,36226,8173,450,31
2025,04,202504,제주,27680,1636,509,0
2025,04,202504,강원,11451,1601,324,1
2025,04,202504,전북,12568,1682,371,2
2025,05,202505,서울,45450,18455,956,31
2025,05,202505,부산,31490,18291,579,32
2025,05,202505,대구,16540,6473,344,5
2025,05,202505,인천,46087,15072,696,67
2025,05,202505,광주,11216,2259,235,2
2025,05,202505,대전,14611,2680,229,1
2025,05,202505,울산,14277,1354,287,3
2025,05,202505,세종,3175,736,47,1
2025,05,202505,경기,111761,25652,2470,195
2025,05,202505,충북,16687,2390,371,4
2025,05,202505,충남,22394,2718,534,8
2025,05,202505,전남,38124,2269,648,1
2025,05,202505,경북,21194,2924,601,2
2025,05,202505,경남,44196,10818,575,36
2025,05,202505,제주,34940,2134,638,3
2025,05,202505,강원,14233,2166,403,7
2025,05,202505,전북,15302,2115,443,3
2025,06,202506,서울,54266,23219,1133,38
2025,06,202506,부산,37511,22224,692,32
2025,06,202506,대구,19884,8169,389,8
2025,06,202506,인천,56281,19377,919,79
2025,06,202506,광주,13419,2821,257,2
2025,06,202506,대전,17878,3369,276,3
2025,06,202506,울산,16984,1709,334,3
2025,06,202506,세종,3992,931,75,1
2025,06,202506,경기,133782,32247,2888,234
2025,06,202506,충북,19816,2847,453,5
2025,06,202506,충남,26440,3293,625,10
2025,06,202506,전남,46352,2849,820,1
2025,06,202506,경북,25235,3647,732,2
2025,06,202506,경남,52629,13064,707,40
2025,06,202506,제주,42289,2651,794,5
2025,06,202506,강원,17042,2636,487,8
2025,06,202506,전북,18145,2582,528,3
2025,07,202507,서울,62539,27257,1365,40
2025,07,202507,부산,44185,26367,827,35
2025,07,202507,대구,23612,9884,450,9
2025,07,202507,인천,66212,23309,1095,105
2025,07,202507,광주,15596,3267,286,2
2025,07,202507,대전,20878,3976,310,3
2025,07,202507,울산,19756,2014,392,4
2025,07,202507,세종,4980,1120,79,1
2025,07,202507,경기,155800,38760,3360,301
2025,07,202507,충북,23139,3257,535,12
2025,07,202507,충남,30807,3849,735,11
2025,07,202507,전남,54794,3334,965,1
2025,07,202507,경북,29783,4354,874,2
2025,07,202507,경남,62642,15837,829,44
2025,07,202507,제주,50196,3069,934,5
2025,07,202507,강원,19954,3185,559,8
2025,07,202507,전북,21394,3046,625,3
2025,08,202508,서울,69599,31717,1514,45
2025,08,202508,부산,48805,30585,900,35
2025,08,202508,대구,26731,11686,484,9
2025,08,202508,인천,73861,27270,1228,119
2025,08,202508,광주,17433,3781,321,2
2025,08,202508,대전,23359,4532,331,3
2025,08,202508,울산,21840,2365,429,4
2025,08,202508,세종,5786,1374,85,1
2025,08,202508,경기,174133,45256,3795,412
2025,08,202508,충북,25701,3715,577,13
2025,08,202508,충남,34994,4571,826,11
2025,08,202508,전남,61398,3850,1025,1
2025,08,202508,경북,33355,5028,947,2
2025,08,202508,경남,70248,18096,923,44
2025,08,202508,제주,56051,3470,1036,5
2025,08,202508,강원,22457,3693,611,17
2025,08,202508,전북,23785,3509,684,3
2025,09,202509,서울,78846,36964,1643,53
2025,09,202509,부산,54294,35365,978,36
2025,09,202509,대구,30332,13554,538,9
2025,09,202509,인천,83558,32021,1346,145
2025,09,202509,광주,19818,4397,363,2
2025,09,202509,대전,26338,5200,356,3
2025,09,202509,울산,24246,2808,493,5
2025,09,202509,세종,6760,1645,100,1
2025,09,202509,경기,197808,53053,4246,520
2025,09,202509,충북,28980,4381,639,15
2025,09,202509,충남,39292,5442,959,13
2025,09,202509,전남,69335,4465,1137,1
2025,09,202509,경북,37609,6018,1066,2
2025,09,202509,경남,79904,21534,1028,45
2025,09,202509,제주,63883,4031,1188,5
2025,09,202509,강원,25508,4340,702,17
2025,09,202509,전북,26904,4120,747,3
2025,10,202510,서울,86142,40963,1830,67
2025,10,202510,부산,59098,38772,1074,39
2025,10,202510,대구,33340,15186,591,9
2025,10,202510,인천,90681,35377,1474,158
2025,10,202510,광주,21526,4895,397,2
2025,10,202510,대전,28687,5693,390,3
2025,10,202510,울산,26495,3090,545,5
2025,10,202510,세종,7485,1814,117,1
2025,10,202510,경기,217176,59009,4689,571
2025,10,202510,충북,31446,4841,707,21
2025,10,202510,충남,42785,6026,1047,14
2025,10,202510,전남,76051,4870,1260,9
2025,10,202510,경북,40813,6627,1190,5
2025,10,202510,경남,87035,23897,1103,56
2025,10,202510,제주,70897,4421,1294,5
2025,10,202510,강원,27940,4798,772,19
2025,10,202510,전북,29545,4633,825,3
2025,11,202511,서울,94852,46108,2030,69
2025,11,202511,부산,64738,43438,1188,42
2025,11,202511,대구,37134,17023,667,10
2025,11,202511,인천,98734,39158,1599,174
2025,11,202511,광주,23575,5473,439,3
2025,11,202511,대전,31225,6285,416,4
2025,11,202511,울산,29336,3571,579,5
2025,11,202511,세종,8488,2014,123,1
2025,11,202511,경기,239516,66147,5181,614
2025,11,202511,충북,34308,5441,772,22
2025,11,202511,충남,46956,6752,1143,18
2025,11,202511,전남,84022,5440,1361,12
2025,11,202511,경북,45001,7415,1280,5
2025,11,202511,경남,95191,26224,1246,57
2025,11,202511,제주,79562,4947,1423,5
2025,11,202511,강원,30672,5341,853,37
2025,11,202511,전북,32339,5175,887,3
2025,12,202512,서울,103762,50473,2284,102
2025,12,202512,부산,69940,47286,1309,42
2025,12,202512,대구,41379,18741,736,10
2025,12,202512,인천,108869,43598,1769,177
2025,12,202512,광주,25790,6013,473,3
2025,12,202512,대전,33657,6910,457,4
2025,12,202512,울산,32028,3929,616,13
2025,12,202512,세종,9207,2211,129,1
2025,12,202512,경기,262072,73218,5841,706
2025,12,202512,충북,37356,6027,865,25
2025,12,202512,충남,51372,7487,1255,31
2025,12,202512,전남,91892,6049,1469,12
2025,12,202512,경북,49077,8162,1396,6
2025,12,202512,경남,103899,28766,1347,70
2025,12,202512,제주,87344,5449,1578,5
2025,12,202512,강원,33486,5849,934,37
2025,12,202512,전북,35235,5730,976,4
