Unnamed: 0,Unnamed: 1,Unnamed: 2,귀속연도,2024,2024,2023,2023,2022,2022,2021,2021,2020,2020,2019,2019,2018,2018
,,,항목1,신고인원,종합소득금액,신고인원,종합소득금액,신고인원,종합소득금액,신고인원,종합소득금액,신고인원,종합소득금액,신고인원,종합소득금액,신고인원,종합소득금액
구분1,구분2,구분3,,신고인원,종합소득금액,신고인원,종합소득금액,신고인원,종합소득금액,신고인원,종합소득금액,신고인원,종합소득금액,신고인원,종합소득금액,신고인원,종합소득금액
지역별,서울,강남구,,"179,449","22,169,913","173,818","20,309,561","156,513","18,451,000","145,962","17,177,738","130,702","14,751,535","126,186","14,162,904","118,080","12,738,275"
지역별,서울,강동구,,"129,427","4,596,287","116,472","3,787,186","104,571","3,247,123","95,838","2,963,519","80,457","2,411,847","75,108","2,142,585","65,075","1,771,047"
지역별,서울,강북구,,"71,159","1,493,286","69,381","1,408,596","64,211","1,265,049","59,016","1,099,682","49,833","894,422","48,514","896,816","45,123","823,609"
지역별,서울,강서구,,"146,603","4,270,842","143,799","4,094,519","132,374","3,627,787","122,140","3,280,021","101,124","2,655,255","96,666","2,520,862","90,181","2,339,893"
지역별,서울,관악구,,"142,776","3,293,963","137,942","3,099,592","126,409","2,756,190","114,249","2,389,647","93,467","1,907,720","88,286","1,844,461","80,894","1,639,096"
지역별,서울,광진구,,"99,752","3,552,238","96,675","3,312,680","88,640","2,945,687","81,907","2,568,991","68,627","2,139,787","65,366","2,049,636","60,842","1,880,571"
지역별,서울,구로구,,"106,348","2,874,105","103,216","2,731,072","94,602","2,435,774","85,753","2,139,800","72,565","1,743,164","70,115","1,675,327","64,850","1,547,536"
지역별,서울,금천구,,"65,676","1,443,860","64,378","1,389,897","58,562","1,231,610","53,734","1,095,507","43,260","842,362","41,517","802,258","37,956","732,690"
지역별,서울,노원구,,"114,032","3,168,115","111,684","3,043,991","101,655","2,673,661","93,504","2,384,321","79,811","1,950,161","78,243","1,911,055","73,797","1,761,115"
지역별,서울,도봉구,,"75,839","1,772,063","74,047","1,689,058","67,697","1,526,699","62,896","1,362,646","53,471","1,144,226","52,557","1,109,869","49,990","1,036,415"
지역별,서울,동대문구,,"92,084","2,669,779","88,621","2,442,183","80,107","2,077,614","72,784","1,785,771","61,691","1,469,117","59,153","1,438,726","55,141","1,316,981"
지역별,서울,동작구,,"102,409","3,576,895","99,809","3,365,412","91,128","2,986,715","84,700","2,650,983","71,605","2,188,645","68,638","2,058,652","63,921","1,944,730"
지역별,서울,마포구,,"105,356","4,516,195","102,191","4,204,056","94,515","3,787,355","87,158","3,364,135","74,386","2,784,957","71,077","2,661,136","65,242","2,348,887"
지역별,서울,서대문구,,"81,577","2,781,106","79,583","2,574,247","73,133","2,311,470","66,018","2,050,457","55,629","1,686,897","53,408","1,643,742","48,610","1,408,817"
지역별,서울,서초구,,"129,194","14,222,426","124,913","13,571,196","114,115","12,075,962","107,691","11,152,642","98,820","10,491,415","96,445","9,564,642","90,217","8,759,202"
지역별,서울,성동구,,"78,788","4,161,225","76,771","3,863,005","70,960","3,425,464","66,019","3,191,413","58,067","2,645,574","55,769","2,316,783","52,927","2,098,468"
지역별,서울,성북구,,"110,471","4,195,447","107,020","4,002,394","98,913","3,649,026","90,627","3,113,511","77,127","2,801,236","74,287","2,645,678","68,837","2,495,320"
지역별,서울,송파구,,"184,754","10,099,965","180,464","9,600,175","165,267","8,623,338","154,014","7,677,394","131,836","6,607,764","126,419","6,087,546","117,850","5,540,013"
지역별,서울,양천구,,"112,460","5,158,923","110,322","4,857,381","101,895","4,513,472","95,403","4,117,696","82,170","3,594,335","79,005","3,359,932","74,284","3,149,302"
지역별,서울,영등포구,,"110,739","4,681,230","106,946","4,340,955","96,394","3,752,332","88,526","3,261,470","75,044","2,771,605","70,841","2,607,977","64,862","2,337,149"
지역별,서울,용산구,,"64,711","8,858,932","63,219","8,215,726","61,284","8,077,683","56,614","8,352,408","50,245","6,311,184","47,229","5,650,993","43,590","4,724,369"
지역별,서울,은평구,,"119,670","3,131,496","116,940","2,979,861","105,021","2,655,043","97,149","2,340,362","80,820","1,847,850","77,056","1,747,353","71,924","1,610,327"
지역별,서울,종로구,,"40,972","2,457,056","39,817","2,422,571","36,897","2,316,250","34,681","2,209,584","30,390","1,839,239","29,540","1,963,230","27,655","1,859,861"
지역별,서울,중구,,"36,153","1,810,205","35,826","1,691,327","32,612","1,532,923","30,184","1,379,043","26,259","1,247,546","25,490","1,188,870","23,885","1,057,320"
지역별,서울,중랑구,,"101,125","2,245,223","98,767","2,151,396","90,223","1,913,569","82,525","1,655,450","68,553","1,306,478","65,193","1,221,007","60,319","1,154,707"
지역별,인천,중구,,"44,143","1,139,306","39,911","1,007,260","33,706","839,367","28,380","666,269","21,996","499,595","20,484","478,417","17,476","406,770"
지역별,인천,강화군,,"14,695","380,221","13,673","345,875","12,484","321,460","11,406","280,113","9,664","230,812","8,942","215,531","8,296","199,710"
지역별,인천,계양구,,"73,352","1,586,097","71,710","1,529,744","64,592","1,336,204","60,113","1,220,520","49,837","975,660","47,294","938,011","44,616","885,425"
지역별,인천,남동구,,"123,206","3,062,439","119,828","2,955,152","109,873","2,699,091","101,828","2,470,713","85,456","2,031,580","81,119","1,945,118","75,674","1,841,764"
지역별,인천,동구,,"13,163","275,111","12,886","260,186","11,746","238,886","10,047","196,033","8,259","143,510","7,996","140,666","7,597","138,253"
지역별,인천,미추홀구(남구),,"107,016","2,257,247","100,772","2,087,482","89,849","1,796,236","79,873","1,525,917","63,543","1,187,850","59,266","1,113,010","55,665","1,059,372"
지역별,인천,부평구,,"130,997","3,040,869","126,700","2,885,053","112,187","2,513,342","98,786","2,171,065","81,692","1,700,464","77,678","1,641,077","73,256","1,580,597"
지역별,인천,서구,,"168,468","4,649,726","159,753","4,309,541","136,544","3,625,341","117,065","3,134,487","91,881","2,338,123","86,566","2,131,587","78,186","1,978,871"
지역별,인천,연수구,,"108,559","4,858,437","101,702","4,418,635","89,467","3,984,837","81,531","3,535,005","70,011","3,021,459","62,116","2,666,946","54,169","2,342,469"
지역별,인천,옹진군,,"4,142","107,096","4,003","103,361","3,502","86,823","3,186","75,809","2,750","64,032","2,440","57,232","2,322","50,784"
지역별,경기,가평군,,"14,420","368,780","13,831","352,434","12,296","333,748","11,087","285,006","9,320","230,225","8,487","213,470","8,184","203,938"
지역별,경기,고양시,,"291,572","9,068,087","283,230","8,683,540","258,445","7,713,314","235,228","6,814,946","198,906","5,666,055","186,450","5,297,741","166,643","4,789,196"
지역별,경기,과천시,,"21,344","1,434,312","20,622","1,328,232","18,003","1,163,185","16,102","1,008,344","12,406","821,372","10,483","573,597","9,347","515,953"
지역별,경기,광명시,,"71,904","2,327,273","68,168","2,165,713","62,835","1,908,616","58,563","1,704,367","50,938","1,428,859","51,237","1,356,992","48,586","1,262,271"
지역별,경기,광주시,,"112,687","3,060,958","107,303","2,840,278","97,048","2,523,448","87,197","2,224,311","71,178","1,811,555","65,956","1,650,683","59,655","1,525,199"
지역별,경기,구리시,,"50,680","1,387,198","48,646","1,301,307","44,464","1,166,236","40,638","1,029,732","35,438","849,889","33,977","808,754","31,462","750,287"
지역별,경기,군포시,,"65,546","1,925,874","64,829","1,904,199","59,306","1,664,663","54,041","1,487,449","45,471","1,233,496","43,825","1,171,994","40,176","1,106,400"
지역별,경기,김포시,,"130,183","3,814,232","125,103","3,573,380","113,362","3,236,379","103,495","2,884,875","86,634","2,330,390","75,332","2,034,119","67,591","1,830,573"
지역별,경기,남양주시,,"196,088","5,328,406","189,936","5,081,240","173,562","4,586,533","158,781","4,079,624","131,469","3,279,711","119,489","2,973,838","107,781","2,657,722"
지역별,경기,동두천시,,"19,293","391,715","18,388","368,705","16,924","329,847","15,579","293,218","12,997","239,908","12,407","232,482","11,568","214,575"
지역별,경기,부천시,,"213,132","5,661,856","207,765","5,379,120","189,500","4,889,023","173,503","4,434,330","146,335","3,612,030","140,953","3,461,518","130,193","3,263,678"
지역별,경기,성남시,,"239,956","12,453,479","232,620","11,987,617","212,774","10,680,446","194,126","9,837,822","164,663","8,075,044","158,511","7,525,293","147,264","6,859,622"
지역별,경기,수원시,,"310,754","10,093,243","301,231","9,554,060","266,358","8,082,932","239,433","7,037,045","194,073","5,552,176","184,618","5,192,538","169,125","4,741,007"
지역별,경기,시흥시,,"144,988","3,678,860","139,330","3,497,732","124,645","3,083,127","111,281","2,657,929","91,205","2,118,206","80,621","1,858,395","70,336","1,662,256"
지역별,경기,안산시,,"176,060","4,300,728","168,855","4,043,961","152,617","3,590,851","137,563","3,139,960","114,349","2,599,300","107,270","2,428,354","98,106","2,278,055"
지역별,경기,안성시,,"50,028","1,221,726","46,719","1,159,123","39,614","952,495","34,548","808,773","27,613","676,344","24,956","612,657","22,910","537,508"
지역별,경기,안양시,,"143,106","4,723,017","135,162","4,332,449","122,947","3,780,446","111,676","3,323,158","94,118","2,730,165","91,465","2,670,654","86,636","2,444,365"
지역별,경기,양주시,,"73,929","1,722,792","66,831","1,549,514","53,924","1,238,290","45,522","1,025,413","37,465","802,970","33,494","721,444","30,026","638,626"
지역별,경기,양평군,,"29,500","1,023,442","28,238","931,380","25,219","857,017","22,811","746,063","19,268","606,858","17,751","581,190","16,220","527,092"
지역별,경기,여주시,,"26,947","670,705","24,875","631,563","21,432","544,179","18,886","466,880","15,512","354,013","14,380","320,234","13,551","296,454"
지역별,경기,연천군,,"7,684","168,569","7,243","158,979","6,294","132,350","5,739","122,552","4,970","96,850","4,527","91,700","4,279","82,936"
지역별,경기,오산시,,"68,832","1,688,981","62,669","1,513,429","53,512","1,253,029","47,164","1,081,982","37,142","811,575","34,167","765,144","30,036","681,277"
지역별,경기,용인시,,"273,941","10,440,089","261,559","9,988,460","233,332","8,737,810","212,880","7,753,159","178,450","6,281,955","170,820","5,926,775","153,753","5,276,435"
지역별,경기,의왕시,,"40,457","1,430,396","40,584","1,393,124","37,481","1,247,712","34,456","1,124,427","29,049","937,965","27,874","876,794","24,692","747,620"
지역별,경기,의정부시,,"119,620","2,694,588","114,100","2,503,157","102,754","2,190,736","93,411","1,944,112","76,763","1,517,280","71,037","1,405,435","65,003","1,292,133"
지역별,경기,이천시,,"53,543","1,479,176","50,115","1,389,788","43,892","1,182,703","38,348","969,721","30,951","755,850","28,864","729,902","26,197","666,497"
지역별,경기,파주시,,"132,774","3,343,909","124,972","3,151,158","110,263","2,745,782","96,768","2,318,818","77,266","1,794,354","69,226","1,628,251","63,083","1,503,382"
지역별,경기,평택시,,"151,393","4,074,088","143,330","3,784,857","124,889","3,135,342","106,554","2,506,308","83,341","1,957,624","73,327","1,719,767","64,304","1,526,515"
지역별,경기,포천시,,"34,426","861,566","33,304","833,846","29,902","764,320","27,505","721,745","23,158","564,858","20,866","503,842","19,688","469,412"
지역별,경기,하남시,,"88,019","2,961,183","86,168","2,852,222","78,252","2,528,548","70,875","2,180,614","56,924","1,640,625","50,108","1,407,589","43,043","1,248,477"
지역별,경기,화성시,,"240,459","8,355,183","227,857","7,898,961","194,087","6,486,504","166,365","5,387,614","133,879","4,254,663","121,705","3,729,055","106,185","3,292,315"
지역별,강원,강릉시,,"42,878","1,209,268","41,422","1,160,203","37,057","1,017,392","33,321","871,048","28,907","767,659","27,510","691,490","25,852","636,709"
지역별,강원,고성군,,"5,225","123,336","4,874","117,857","4,447","113,967","3,994","95,372","3,430","89,904","3,058","71,868","2,923","65,356"
지역별,강원,동해시,,"15,419","416,651","14,864","406,705","13,215","338,414","11,939","286,175","10,265","242,716","9,753","228,427","9,398","219,201"
지역별,강원,삼척시,,"9,934","264,033","9,588","248,577","8,607","224,394","7,650","176,801","6,463","148,604","6,513","152,443","6,111","135,908"
지역별,강원,속초시,,"17,741","512,208","17,083","496,214","14,922","437,855","13,642","371,313","11,546","321,359","10,831","290,065","10,232","271,320"
지역별,강원,양구군,,"3,239","75,053","3,216","71,837","2,789","55,714","2,585","47,949","2,230","46,761","2,201","44,514","2,021","38,225"
지역별,강원,양양군,,"5,479","140,639","5,268","134,826","4,674","119,229","4,225","100,714","3,610","79,043","3,362","79,482","3,175","67,800"
지역별,강원,영월군,,"5,996","156,224","5,714","150,752","5,317","133,457","4,758","115,674","4,161","104,009","3,993","91,059","3,787","85,111"
지역별,강원,원주시,,"79,346","2,196,865","75,070","2,049,547","65,223","1,714,354","58,403","1,479,380","48,504","1,191,822","45,748","1,142,327","42,320","1,018,955"
지역별,강원,인제군,,"5,366","140,030","5,226","131,930","4,647","111,014","4,317","97,004","3,696","78,534","3,371","73,127","3,243","66,978"
지역별,강원,정선군,,"5,353","128,520","5,169","122,585","4,626","102,534","4,210","85,619","3,706","69,989","3,683","71,849","3,582","71,340"
지역별,강원,철원군,,"6,571","151,945","6,333","144,741","5,430","119,795","4,971","100,124","4,440","84,797","4,172","80,081","3,939","74,111"
지역별,강원,춘천시,,"58,328","1,633,113","55,818","1,525,494","49,939","1,334,024","44,466","1,138,134","36,622","925,865","35,011","900,926","32,579","805,106"
지역별,강원,태백시,,"6,252","166,893","5,756","150,863","5,398","157,842","4,761","111,968","4,099","109,518","4,227","104,529","4,111","98,416"
지역별,강원,평창군,,"7,636","203,517","7,357","190,891","6,594","165,387","6,045","148,467","5,297","136,690","5,047","114,929","4,832","110,256"
지역별,강원,홍천군,,"12,124","302,354","11,649","281,619","10,302","238,265","9,351","207,657","8,236","176,485","7,833","168,603","7,342","152,282"
지역별,강원,화천군,,"3,732","87,798","3,518","80,157","3,058","63,284","2,837","59,481","2,507","48,229","2,416","47,043","2,226","41,153"
지역별,강원,횡성군,,"8,180","199,742","7,795","189,941","6,849","161,916","6,129","144,897","5,239","112,977","5,034","106,769","4,679","95,033"
지역별,대전,중구,,"46,485","1,286,055","44,639","1,203,899","40,517","1,050,984","37,454","946,081","31,796","792,753","31,523","779,072","29,881","710,708"
지역별,대전,동구,,"43,561","1,017,493","40,888","936,744","37,122","818,253","33,531","700,529","27,737","564,328","26,740","533,415","25,407","493,488"
지역별,대전,서구,,"104,499","3,240,747","101,084","3,022,398","91,631","2,668,551","83,372","2,375,424","69,192","1,968,346","67,065","1,873,644","61,307","1,662,169"
지역별,대전,대덕구,,"35,381","854,348","34,659","816,964","30,947","699,262","28,901","613,963","23,873","493,589","22,556","461,846","21,761","448,945"
지역별,대전,유성구,,"86,123","3,615,335","83,798","3,432,130","73,437","2,965,346","65,828","2,598,389","55,098","2,185,149","52,869","2,035,555","48,367","1,816,662"
지역별,충북,괴산군,,"5,817","134,999","5,570","127,758","5,011","110,272","4,571","97,228","3,892","78,726","3,644","72,028","3,353","67,416"
지역별,충북,단양군,,"4,487","106,625","4,279","100,984","3,837","85,592","3,436","69,647","2,892","54,495","2,848","56,953","2,824","52,751"
지역별,충북,보은군,,"4,531","102,828","4,361","96,317","3,959","83,043","3,575","73,418","2,992","62,718","2,906","60,752","2,725","55,301"
지역별,충북,영동군,,"6,136","149,201","6,043","142,966","5,392","120,035","5,024","117,050","4,253","91,505","4,185","83,422","3,905","75,556"
지역별,충북,옥천군,,"8,309","209,618","7,815","192,498","7,041","171,257","6,501","149,464","5,441","118,607","5,052","111,130","4,760","98,916"
지역별,충북,음성군,,"20,098","545,004","18,289","505,427","16,247","422,941","14,814","372,823","11,916","292,348","11,919","284,395","11,047","260,467"
지역별,충북,제천시,,"24,083","637,507","23,116","606,702","20,295","522,427","18,618","452,905","16,017","369,548","15,924","369,429","15,105","354,496"
지역별,충북,증평군,,"7,142","175,750","6,888","178,877","6,010","141,930","5,388","117,239","4,319","88,905","4,236","88,681","3,925","81,017"
지역별,충북,진천군,,"18,796","537,082","17,977","498,140","15,352","404,390","13,937","347,460","11,105","267,698","10,760","255,159","9,277","226,116"
지역별,충북,청주시,,"181,629","5,549,038","171,602","5,140,719","151,258","4,420,652","137,201","3,870,991","112,400","3,156,452","107,225","3,022,257","98,752","2,708,224"
지역별,충북,충주시,,"41,291","1,132,820","39,222","1,066,448","35,973","999,409","31,421","778,481","26,195","637,996","25,508","609,440","23,736","549,809"
지역별,충남,계룡시,,"8,678","252,148","8,491","243,126","6,903","187,526","5,944","160,088","4,797","136,996","4,444","115,322","4,199","103,576"
지역별,충남,공주시,,"18,280","462,523","17,705","446,548","15,760","376,922","14,363","334,407","12,097","280,206","11,763","264,537","11,077","253,863"
지역별,충남,금산군,,"8,005","190,158","7,831","182,258","7,107","156,515","6,331","132,570","5,386","113,657","5,102","106,413","4,984","96,619"
지역별,충남,논산시,,"18,036","434,639","17,369","409,236","15,537","346,920","14,324","305,124","12,013","250,288","12,141","247,932","11,276","223,263"
지역별,충남,당진시,,"37,474","1,290,390","33,127","899,378","28,277","727,256","27,497","757,868","20,877","477,475","19,899","465,883","19,162","435,352"
지역별,충남,보령시,,"17,051","441,892","16,590","421,104","15,144","380,542","13,843","328,139","11,792","271,109","11,646","264,161","10,763","239,394"
지역별,충남,부여군,,"8,583","202,347","8,451","190,249","7,666","168,764","6,935","143,246","6,046","122,733","5,850","115,666","5,473","110,168"
지역별,충남,서산시,,"32,583","995,783","32,329","1,005,126","27,028","759,014","24,204","636,868","20,092","506,721","19,443","510,179","17,975","459,405"
지역별,충남,서천군,,"7,283","190,509","7,043","174,558","6,231","147,738","5,710","132,018","5,072","121,825","4,942","118,207","4,703","111,403"
지역별,충남,아산시,,"85,105","2,473,587","79,974","2,321,635","66,398","1,732,235","56,931","1,419,905","44,795","1,078,727","40,517","954,258","37,692","880,877"
지역별,충남,예산군,,"14,152","358,049","13,495","334,953","11,999","278,518","10,268","230,504","8,972","194,278","8,747","186,200","8,262","171,754"
지역별,충남,천안시,,"162,118","4,969,377","154,756","4,696,478","135,980","3,927,575","121,116","3,361,118","100,232","2,737,720","93,969","2,564,488","86,936","2,437,837"
지역별,충남,청양군,,"4,226","99,082","4,202","94,153","3,782","80,706","3,352","67,041","2,889","57,798","2,688","51,981","2,605","51,401"
지역별,충남,태안군,,"11,109","279,849","10,615","262,369","9,587","234,286","8,675","207,854","7,706","166,052","7,200","152,620","6,871","144,153"
지역별,충남,홍성군,,"18,326","488,535","17,539","462,777","15,197","378,900","14,198","346,294","12,063","285,035","11,630","270,696","11,148","252,078"
지역별,세종,세종시,,"77,932","2,848,910","74,123","2,649,768","64,962","2,262,546","58,685","1,932,300","47,366","1,487,452","43,786","1,292,910","37,887","1,077,180"
지역별,광주,동구,,"21,835","767,321","21,324","719,780","19,094","643,212","16,838","538,771","14,405","447,660","13,000","414,106","11,740","355,799"
지역별,광주,서구,,"59,912","2,130,835","58,827","2,011,149","53,651","1,865,402","49,924","1,692,911","42,579","1,484,523","40,665","1,374,325","38,231","1,235,771"
지역별,광주,광산구,,"81,594","2,313,913","78,852","2,209,128","70,438","1,924,871","65,718","1,752,599","54,307","1,416,122","50,772","1,272,977","46,783","1,137,772"
지역별,광주,남구,,"40,743","1,662,127","38,848","1,559,132","35,335","1,423,513","33,378","1,271,103","27,480","1,042,147","26,329","998,531","24,294","877,667"
지역별,광주,북구,,"85,578","2,428,714","82,830","2,284,066","73,589","1,952,713","67,734","1,714,639","56,966","1,467,890","54,665","1,408,743","51,202","1,292,233"
지역별,전북,고창군,,"6,908","168,221","6,791","161,706","6,022","139,928","5,510","121,167","4,776","100,354","4,550","93,253","4,214","89,030"
지역별,전북,군산시,,"48,034","1,328,826","45,793","1,249,271","40,475","1,048,879","36,742","882,271","31,765","729,118","30,879","708,394","29,694","673,704"
지역별,전북,김제시,,"12,864","306,895","12,051","281,611","10,765","242,971","9,535","202,146","8,027","167,350","7,676","158,779","7,171","143,742"
지역별,전북,남원시,,"12,100","291,529","11,338","270,530","10,307","231,616","9,506","200,114","8,185","171,090","7,937","164,760","7,519","147,175"
지역별,전북,무주군,,"3,438","76,670","3,268","74,086","2,824","62,335","2,583","51,178","2,236","41,811","2,167","39,802","2,013","35,025"
지역별,전북,부안군,,"7,217","166,191","6,990","154,603","6,431","133,496","5,921","120,441","5,157","101,823","4,936","93,975","4,752","87,632"
지역별,전북,순창군,,"3,797","84,506","3,543","76,859","3,075","63,750","2,753","56,190","2,331","43,407","2,247","41,615","2,112","36,143"
지역별,전북,완주군,,"18,425","450,496","17,406","412,338","14,476","322,810","12,434","265,278","10,134","203,210","9,639","189,811","9,035","172,617"
지역별,전북,익산시,,"48,782","1,324,795","46,155","1,233,260","41,380","1,071,505","37,854","917,940","32,729","770,847","31,663","740,304","30,497","699,504"
지역별,전북,임실군,,"3,595","78,153","3,438","74,206","3,138","68,749","2,821","57,942","2,387","46,834","2,291","41,568","2,112","38,154"
지역별,전북,장수군,,"2,627","54,707","2,496","50,661","2,219","43,466","2,062","39,087","1,679","30,557","1,592","29,650","1,611","31,289"
지역별,전북,전주시,,"128,918","4,090,741","125,892","3,886,716","113,800","3,441,010","104,800","3,033,254","88,187","2,542,452","83,791","2,374,883","77,869","2,144,512"
지역별,전북,정읍시,,"16,221","398,800","15,706","373,218","14,197","327,115","12,912","284,462","11,101","238,823","11,010","230,865","10,124","200,545"
지역별,전북,진안군,,"3,557","81,109","3,387","74,656","2,999","62,067","2,663","52,091","2,238","43,417","2,129","39,635","1,999","35,573"
지역별,전남,강진군,,"4,483","105,986","4,279","94,553","3,789","84,192","3,599","75,385","3,124","63,989","2,854","61,105","2,816","56,573"
지역별,전남,고흥군,,"7,373","162,064","6,998","149,570","6,399","129,235","6,129","117,150","5,173","104,160","4,924","93,107","4,464","86,583"
지역별,전남,곡성군,,"3,756","87,809","3,659","83,467","3,366","72,958","2,955","62,317","2,539","50,665","2,381","46,139","2,230","39,660"
지역별,전남,광양시,,"27,315","841,947","25,955","797,140","22,417","625,836","20,361","534,592","17,240","438,435","16,600","415,893","15,224","357,980"
지역별,전남,구례군,,"3,399","80,309","3,272","72,733","2,928","62,954","2,715","53,378","2,304","43,367","2,251","42,396","2,116","39,333"
지역별,전남,나주시,,"20,713","541,842","19,504","498,451","17,251","427,356","15,243","362,324","12,420","267,648","11,241","238,231","10,574","213,860"
지역별,전남,담양군,,"7,446","200,600","7,101","190,434","6,394","164,348","5,859","142,592","5,064","117,847","4,620","105,407","4,306","96,423"
지역별,전남,목포시,,"37,659","1,000,094","36,866","940,678","32,867","801,115","30,262","694,828","26,115","599,603","26,309","636,180","25,166","552,552"
지역별,전남,무안군,,"15,103","444,787","13,929","399,860","12,271","341,838","11,344","299,724","9,261","230,725","8,016","191,113","7,380","172,934"
지역별,전남,보성군,,"4,854","110,529","4,665","107,735","4,319","93,181","3,907","78,811","3,546","68,867","3,393","63,678","3,156","58,711"
지역별,전남,순천시,,"50,851","1,647,999","49,327","1,531,461","43,829","1,324,993","40,319","1,164,378","35,095","995,875","33,716","932,899","31,372","846,424"
지역별,전남,신안군,,"5,669","129,809","5,193","117,419","4,655","98,638","4,025","81,623","3,456","65,863","3,197","59,580","3,060","52,645"
지역별,전남,여수시,,"46,562","1,579,056","45,676","1,549,493","40,782","1,325,504","37,255","1,134,495","32,296","984,697","30,881","928,824","29,096","842,381"
지역별,전남,영광군,,"8,044","199,169","7,429","176,710","6,549","155,989","5,850","130,879","5,141","117,060","4,880","98,288","4,625","92,995"
지역별,전남,영암군,,"8,913","198,768","8,472","179,259","7,302","146,177","6,521","129,727","5,245","101,949","4,978","88,426","4,472","76,201"
지역별,전남,완도군,,"6,117","142,449","5,854","136,560","5,410","119,468","5,026","103,500","4,457","85,633","4,236","80,553","4,254","76,039"
지역별,전남,장성군,,"7,089","176,412","6,681","165,385","5,868","139,819","5,348","122,021","4,628","101,214","4,322","91,919","3,936","79,475"
지역별,전남,장흥군,,"4,583","102,738","4,284","95,395","4,067","87,510","3,695","77,058","3,170","63,574","2,992","60,758","2,902","56,275"
지역별,전남,진도군,,"3,674","85,646","3,465","77,622","3,168","64,514","2,913","57,554","2,500","46,571","2,334","43,455","2,295","41,869"
지역별,전남,함평군,,"3,981","95,324","3,880","91,703","3,456","80,085","3,193","72,249","2,691","56,390","2,548","51,586","2,404","47,023"
지역별,전남,해남군,,"8,565","223,628","8,185","205,035","7,531","181,261","6,940","161,203","6,088","138,287","5,908","130,396","5,839","119,720"
지역별,전남,화순군,,"10,467","260,991","9,767","233,525","8,828","208,417","8,062","179,252","6,621","148,011","6,205","130,334","5,716","114,370"
지역별,대구,중구,,"22,801","805,225","20,136","711,448","16,555","557,220","14,169","454,299","11,848","372,722","11,570","369,582","11,326","342,408"
지역별,대구,동구,,"64,757","1,765,704","62,300","1,671,482","54,961","1,446,872","49,853","1,256,199","41,822","1,038,361","39,545","961,995","39,541","956,441"
지역별,대구,서구,,"28,165","613,097","27,136","600,530","23,274","485,031","21,346","422,568","18,494","374,773","18,497","354,631","18,523","361,828"
지역별,대구,남구,,"26,377","685,099","24,931","629,911","23,201","576,369","21,054","503,984","18,173","415,256","17,175","388,084","16,601","373,183"
지역별,대구,북구,,"84,058","2,319,058","81,377","2,229,972","74,820","2,052,229","70,199","1,856,755","60,356","1,602,550","57,671","1,502,658","55,472","1,468,837"
지역별,대구,군위군,,"3,279","87,811","3,186","83,807",0,0,0,0,0,0,0,0,0,0
지역별,대구,달서구,,"104,455","3,375,404","100,843","3,273,138","91,687","2,893,008","84,613","2,612,139","73,968","2,345,158","72,692","2,244,925","69,856","2,171,585"
지역별,대구,달성군,,"49,200","1,358,957","48,194","1,318,169","43,318","1,147,106","39,462","1,039,192","33,097","850,994","31,393","794,818","29,521","736,790"
지역별,대구,수성구,,"91,424","5,745,529","86,919","5,263,569","78,824","4,870,425","74,255","4,497,569","65,872","4,005,378","64,301","3,798,097","61,325","3,604,838"
지역별,경북,경산시,,"51,300","1,271,730","48,744","1,196,267","43,447","1,030,597","39,843","929,468","32,445","727,346","30,459","669,142","28,806","642,577"
지역별,경북,경주시,,"47,252","1,430,240","44,796","1,329,940","38,676","1,077,839","34,960","905,750","30,038","741,403","29,366","734,769","27,742","693,493"
지역별,경북,고령군,,"4,938","138,825","4,630","134,085","4,149","118,196","3,804","107,192","3,379","89,593","3,391","86,638","3,234","84,456"
지역별,경북,구미시,,"79,888","2,313,902","76,416","2,167,016","67,318","1,844,728","59,137","1,568,355","48,904","1,322,482","48,080","1,330,195","45,352","1,235,261"
지역별,경북,김천시,,"21,450","578,370","20,204","530,862","18,866","492,102","16,723","392,979","13,976","316,207","13,731","303,365","12,980","270,018"
지역별,경북,문경시,,"10,539","280,243","10,345","267,354","9,212","225,425","8,712","202,340","7,182","166,794","6,924","161,887","6,412","142,901"
지역별,경북,봉화군,,"4,203","111,311","3,357","81,203","3,055","66,012","2,688","57,416","2,437","50,862","2,319","49,710","2,259","46,685"
지역별,경북,상주시,,"13,156","337,077","12,796","318,014","11,428","277,139","10,608","250,070","9,109","205,456","8,849","200,253","8,326","182,425"
지역별,경북,성주군,,"6,091","179,557","5,825","167,681","5,211","153,342","4,865","135,803","4,180","114,188","4,040","103,019","3,791","97,420"
지역별,경북,안동시,,"25,723","722,486","24,156","652,407","21,520","556,440","19,807","496,651","16,807","423,138","16,821","412,406","15,987","387,421"
지역별,경북,영덕군,,"4,919","109,687","4,809","108,157","4,354","91,950","4,057","82,680","3,567","69,472","3,541","69,838","3,435","64,814"
지역별,경북,영양군,,"1,737","41,069","1,704","38,766","1,573","36,273","1,411","32,626","1,149","24,653","1,160","22,264","1,157","21,176"
지역별,경북,영주시,,"15,158","412,756","14,642","389,081","13,111","343,827","12,060","309,085","10,376","254,967","10,197","248,014","9,875","235,847"
지역별,경북,영천시,,"14,993","383,368","14,827","373,750","13,116","312,790","12,005","277,198","10,134","233,145","9,885","213,749","9,152","198,401"
지역별,경북,예천군,,"7,559","203,978","7,218","189,922","6,444","157,143","5,872","136,722","4,969","113,165","4,728","101,966","4,181","90,197"
지역별,경북,울릉군,,"1,764","45,593","1,602","41,765","1,371","32,758","1,180","26,395",990,"21,105",997,"20,332",973,"19,132"
지역별,경북,울진군,,"6,942","202,940","6,660","177,289","5,989","152,633","5,404","132,757","4,753","114,921","4,661","110,673","4,529","106,589"
지역별,경북,의성군,,"5,890","140,458","5,657","128,373","5,072","119,222","4,623","104,481","3,958","82,645","3,776","76,373","3,474","69,043"
지역별,경북,청도군,,"5,782","160,050","5,630","153,461","5,008","138,867","4,460","123,204","3,737","95,856","3,645","90,506","3,486","84,011"
지역별,경북,청송군,,"2,835","63,508","2,672","56,177","2,403","47,562","2,291","43,992","2,026","35,608","1,949","34,460","1,809","29,131"
지역별,경북,칠곡군,,"21,056","533,080","20,785","524,930","18,737","459,454","16,749","394,412","13,939","315,058","13,671","312,082","12,997","295,226"
지역별,경북,포항시,,"90,497","2,832,538","87,216","2,731,475","76,688","2,184,297","71,153","1,940,031","60,029","1,536,611","58,429","1,508,415","55,349","1,379,631"
지역별,부산,강서구,,"31,162","1,211,231","29,969","1,159,546","26,897","984,284","24,711","842,645","20,995","745,321","19,202","652,818","17,487","602,180"
지역별,부산,중구,,"7,509","159,813","7,406","155,176","6,896","134,075","6,613","120,465","5,498","103,614","5,628","117,035","5,432","110,778"
지역별,부산,동구,,"16,620","433,280","16,021","399,468","13,981","331,954","12,934","288,283","10,787","240,206","10,615","231,223","9,413","192,983"
지역별,부산,서구,,"19,870","632,264","18,829","580,378","17,008","505,107","15,027","415,243","13,333","378,190","12,980","367,554","12,457","349,885"
지역별,부산,남구,,"53,901","2,036,689","52,507","1,951,482","46,894","1,677,715","43,815","1,506,287","38,756","1,386,487","37,415","1,276,082","35,932","1,231,846"
지역별,부산,북구,,"52,288","1,563,289","51,714","1,559,037","47,043","1,355,457","43,503","1,180,721","37,336","1,009,625","37,223","1,003,790","35,055","976,882"
지역별,부산,금정구,,"43,584","1,510,618","43,260","1,481,123","39,905","1,329,551","37,838","1,311,570","33,374","1,127,147","33,212","1,117,220","31,470","1,050,863"
지역별,부산,기장군,,"34,834","982,007","33,565","903,537","30,039","793,411","26,684","673,038","22,493","538,645","20,690","477,428","18,967","453,959"
지역별,부산,동래구,,"57,281","2,022,920","54,518","1,877,170","50,192","1,678,483","46,424","1,497,473","39,381","1,316,891","38,307","1,221,997","34,989","1,094,920"
지역별,부산,부산진구,,"78,334","2,161,023","74,878","2,038,990","65,909","1,802,223","58,673","1,461,814","50,828","1,327,026","48,209","1,270,147","44,860","1,177,419"
지역별,부산,사상구,,"38,997","972,604","38,365","952,943","34,517","824,038","31,435","711,163","27,120","602,608","27,432","626,074","26,160","603,309"
지역별,부산,사하구,,"55,784","1,420,041","54,660","1,370,759","49,155","1,183,088","44,949","1,036,734","38,125","885,396","38,410","889,686","36,418","860,625"
지역별,부산,수영구,,"39,825","1,335,685","38,682","1,246,847","35,449","1,090,315","32,711","951,919","27,998","838,019","26,774","810,684","24,781","738,373"
지역별,부산,연제구,,"44,264","1,419,503","42,689","1,322,032","36,616","1,103,856","34,392","1,000,591","29,591","889,664","28,990","869,493","27,198","798,508"
지역별,부산,영도구,,"19,022","472,348","18,929","470,387","16,961","397,208","15,373","338,314","13,104","287,139","13,167","280,950","12,676","270,093"
지역별,부산,해운대구,,"84,814","4,835,063","82,177","4,591,401","75,368","4,137,207","71,069","3,672,440","62,115","3,404,845","60,507","3,248,905","56,534","3,007,094"
지역별,울산,중구,,"39,952","1,365,500","39,943","1,366,434","34,187","1,040,966","31,321","877,926","27,251","765,769","26,831","766,327","26,311","731,011"
지역별,울산,동구,,"28,218","826,235","36,253","1,431,524","22,814","571,990","19,160","427,769","16,197","372,378","16,185","364,676","15,490","330,872"
지역별,울산,남구,,"64,423","2,568,612","63,004","2,489,486","55,426","2,041,397","50,845","1,723,766","44,262","1,491,824","43,294","1,479,074","41,777","1,423,751"
지역별,울산,북구,,"40,832","1,437,227","41,594","1,514,870","33,614","1,025,372","29,261","804,096","23,994","647,110","23,084","632,170","21,372","559,201"
지역별,울산,울주군,,"44,748","1,348,289","42,918","1,270,607","37,949","1,026,475","33,940","895,983","28,436","747,112","27,039","699,743","25,611","659,902"
지역별,경남,고성군,,"7,658","174,367","7,624","171,459","6,699","150,062","6,034","130,223","5,201","101,508","5,045","96,829","4,718","86,779"
지역별,경남,거제시,,"49,695","1,262,829","45,741","1,098,654","38,859","849,846","35,405","824,531","30,775","700,133","33,050","923,265","26,392","595,258"
지역별,경남,거창군,,"9,140","241,735","8,583","226,296","7,840","199,086","6,910","170,904","5,994","146,270","5,804","138,446","5,469","125,847"
지역별,경남,김해시,,"115,107","3,415,191","109,635","3,150,918","95,719","2,671,982","87,408","2,342,015","75,115","1,981,641","72,080","1,903,081","66,166","1,784,527"
지역별,경남,남해군,,"5,992","138,434","5,774","132,938","5,291","123,445","4,973","105,611","4,279","100,320","3,737","83,350","3,731","73,571"
지역별,경남,밀양시,,"16,465","440,138","15,769","400,838","13,797","341,521","12,657","300,506","10,750","238,503","10,406","231,510","9,625","206,023"
지역별,경남,사천시,,"18,220","505,809","17,126","471,995","15,107","387,521","13,802","351,111","11,688","293,293","11,539","285,168","11,072","261,990"
지역별,경남,산청군,,"4,834","122,626","4,607","110,432","4,047","95,784","3,683","79,352","3,241","66,648","3,118","63,283","2,806","61,624"
지역별,경남,양산시,,"75,045","2,020,776","70,175","1,867,265","61,589","1,553,764","56,095","1,339,668","47,894","1,096,982","45,791","1,087,469","43,180","976,139"
지역별,경남,의령군,,"3,233","77,378","3,163","74,061","2,852","67,365","2,592","55,966","2,237","44,786","2,093","42,135","1,875","39,529"
지역별,경남,진주시,,"61,737","2,030,665","59,452","1,936,093","53,094","1,711,470","49,146","1,517,856","42,185","1,271,686","40,451","1,232,982","38,010","1,179,955"
지역별,경남,창녕군,,"8,276","204,330","7,855","195,788","7,171","168,172","6,573","153,237","5,752","124,159","5,672","122,709","5,447","117,185"
지역별,경남,창원시,,"199,028","6,505,980","192,017","6,095,681","170,411","5,143,393","156,225","4,576,700","133,539","3,911,658","129,306","3,751,042","122,107","3,634,638"
지역별,경남,통영시,,"23,468","574,800","22,892","547,679","20,466","464,886","18,773","407,863","16,525","360,052","16,800","365,837","14,993","329,748"
지역별,경남,하동군,,"5,669","132,631","5,587","126,733","5,060","111,220","4,810","97,818","4,207","82,920","3,935","80,254","3,893","73,960"
지역별,경남,함안군,,"10,161","298,056","9,810","276,798","8,947","247,406","8,107","216,253","7,140","177,452","7,160","173,432","6,768","167,291"
지역별,경남,함양군,,"5,074","129,287","4,821","119,302","4,354","108,780","3,988","97,176","3,492","78,971","3,405","74,574","3,284","67,582"
지역별,경남,합천군,,"5,008","124,158","4,813","120,042","4,376","113,526","3,892","97,132","3,420","84,743","3,303","76,381","3,125","71,077"
지역별,제주,서귀포시,,"37,031","1,132,473","35,828","1,093,820","32,071","993,106","29,013","869,478","23,938","724,827","22,413","650,487","21,111","656,139"
지역별,제주,제주시,,"105,779","3,111,285","102,386","3,018,076","90,361","2,692,457","80,580","2,307,120","67,304","1,911,185","64,460","1,941,876","58,722","1,776,733"
