year,month,yyyymm,sido,passenger_private,passenger_total,van_private,van_total
2018,1,201801,서울,2516720,2644378,107529,126975
2018,1,201801,부산,1042456,1089062,39624,46884
2018,1,201801,대구,935603,959617,29155,34262
2018,1,201801,인천,1017506,1268408,42700,55731
2018,1,201801,광주,518146,535907,18518,21766
2018,1,201801,대전,534573,549149,20077,22844
2018,1,201801,울산,452044,460907,13424,15878
2018,1,201801,세종,111278,112149,3615,4083
2018,1,201801,경기,4308402,4391926,188175,224647
2018,1,201801,강원,549006,562495,26061,30774
2018,1,201801,충북,585797,600362,26960,31642
2018,1,201801,충남,781097,796520,37659,44301
2018,1,201801,전북,652487,672005,28972,34596
2018,1,201801,전남,626587,714918,31631,41718
2018,1,201801,경북,1007586,1025317,43947,51263
2018,1,201801,경남,1267874,1316801,48331,58012
2018,1,201801,제주,276011,403607,12723,20694
2018,2,201802,서울,2516697,2644519,106997,126373
2018,2,201802,부산,1043899,1091916,39494,46743
2018,2,201802,대구,936840,960916,29076,34181
2018,2,201802,인천,1020192,1273154,42499,55583
2018,2,201802,광주,518839,536540,18507,21743
2018,2,201802,대전,534649,549339,20036,22804
2018,2,201802,울산,452673,461589,13391,15847
2018,2,201802,세종,113164,114031,3653,4117
2018,2,201802,경기,4318745,4402007,187271,223721
2018,2,201802,강원,549825,563468,26009,30733
2018,2,201802,충북,587181,601810,26904,31598
2018,2,201802,충남,783885,799288,37629,44275
2018,2,201802,전북,653675,673173,28936,34558
2018,2,201802,전남,627765,716695,31488,41552
2018,2,201802,경북,1009145,1026780,43759,51061
2018,2,201802,경남,1269956,1318699,48247,57868
2018,2,201802,제주,276501,406710,12687,20714
2018,3,201803,서울,2516974,2644328,106253,125586
2018,3,201803,부산,1045183,1094927,39287,46522
2018,3,201803,대구,939237,963325,28935,34041
2018,3,201803,인천,1024116,1277962,42278,55299
2018,3,201803,광주,520146,537747,18423,21652
2018,3,201803,대전,535354,550055,19963,22712
2018,3,201803,울산,453983,462842,13323,15787
2018,3,201803,세종,115016,115878,3666,4131
2018,3,201803,경기,4337312,4420665,186598,223053
2018,3,201803,강원,551649,565356,25940,30660
2018,3,201803,충북,589451,604107,26817,31522
2018,3,201803,충남,787495,802855,37585,44231
2018,3,201803,전북,655253,674725,28850,34458
2018,3,201803,전남,629995,720253,31442,41471
2018,3,201803,경북,1011644,1029197,43656,50964
2018,3,201803,경남,1273395,1322319,48098,57712
2018,3,201803,제주,276936,411116,12599,20590
2018,4,201804,서울,2519983,2647749,105731,125031
2018,4,201804,부산,1047369,1098974,39165,46402
2018,4,201804,대구,940615,964723,28828,33932
2018,4,201804,인천,1028138,1282964,42170,55168
2018,4,201804,광주,521367,538857,18367,21637
2018,4,201804,대전,536387,551145,19916,22661
2018,4,201804,울산,455253,464055,13283,15751
2018,4,201804,세종,116906,117752,3686,4165
2018,4,201804,경기,4357526,4440648,186136,222655
2018,4,201804,강원,553570,567237,25888,30622
2018,4,201804,충북,592029,606674,26786,31512
2018,4,201804,충남,790577,805801,37439,44110
2018,4,201804,전북,657620,677347,28804,34384
2018,4,201804,전남,632350,723299,31412,41407
2018,4,201804,경북,1014413,1031928,43542,50849
2018,4,201804,경남,1275862,1324768,47889,57465
2018,4,201804,제주,276942,415794,12528,20601
2018,5,201805,서울,2520907,2649060,105005,124311
2018,5,201805,부산,1049311,1102491,39015,46270
2018,5,201805,대구,942529,966660,28688,33757
2018,5,201805,인천,1031794,1287516,41856,54845
2018,5,201805,광주,522529,539886,18318,21550
2018,5,201805,대전,536990,551757,19768,22529
2018,5,201805,울산,456045,464920,13270,15722
2018,5,201805,세종,118310,119225,3696,4177
2018,5,201805,경기,4375726,4459783,185652,222172
2018,5,201805,강원,554947,568637,25838,30582
2018,5,201805,충북,594159,608795,26695,31416
2018,5,201805,충남,793131,808235,37364,44009
2018,5,201805,전북,659484,679277,28762,34340
2018,5,201805,전남,634569,727043,31346,41344
2018,5,201805,경북,1016977,1034468,43488,50802
2018,5,201805,경남,1277962,1326446,47720,57313
2018,5,201805,제주,277155,420402,12473,20551
2018,6,201806,서울,2521778,2650174,104401,123883
2018,6,201806,부산,1050971,1106028,38910,46211
2018,6,201806,대구,945793,969993,28592,33699
2018,6,201806,인천,1036264,1293528,41444,54544
2018,6,201806,광주,524192,541410,18293,21530
2018,6,201806,대전,537857,552669,19772,22561
2018,6,201806,울산,456653,465494,13257,15714
2018,6,201806,세종,119888,120801,3718,4200
2018,6,201806,경기,4394409,4478360,185355,221957
2018,6,201806,강원,556740,570446,25801,30553
2018,6,201806,충북,596025,610664,26683,31409
2018,6,201806,충남,796165,811695,37340,44020
2018,6,201806,전북,661246,681885,28735,34344
2018,6,201806,전남,636108,730461,31335,41292
2018,6,201806,경북,1018921,1036407,43453,50780
2018,6,201806,경남,1280624,1328798,47651,57219
2018,6,201806,제주,277688,425271,12448,20566
2018,7,201807,서울,2522345,2651766,103894,123482
2018,7,201807,부산,1052545,1109697,38793,46052
2018,7,201807,대구,947433,971666,28540,33652
2018,7,201807,인천,1038917,1298186,41266,54434
2018,7,201807,광주,525770,542932,18288,21467
2018,7,201807,대전,539030,553887,19770,22557
2018,7,201807,울산,457264,466083,13250,15718
2018,7,201807,세종,121071,121995,3730,4226
2018,7,201807,경기,4412116,4495658,184974,221572
2018,7,201807,강원,558732,572472,25764,30507
2018,7,201807,충북,598009,612648,26667,31352
2018,7,201807,충남,798902,814430,37303,43967
2018,7,201807,전북,663213,683938,28759,34370
2018,7,201807,전남,637583,733322,31286,41214
2018,7,201807,경북,1021269,1038735,43425,50726
2018,7,201807,경남,1283134,1331282,47539,57076
2018,7,201807,제주,278169,431287,12389,20556
2018,8,201808,서울,2522881,2652378,103226,123073
2018,8,201808,부산,1054037,1112364,38595,45866
2018,8,201808,대구,948511,972773,28434,33505
2018,8,201808,인천,1041559,1302749,41123,54336
2018,8,201808,광주,526940,544207,18229,21399
2018,8,201808,대전,539956,554896,19743,22507
2018,8,201808,울산,457724,466505,13182,15641
2018,8,201808,세종,122500,123420,3741,4238
2018,8,201808,경기,4428498,4512001,184409,221002
2018,8,201808,강원,560338,574073,25731,30465
2018,8,201808,충북,599782,614434,26596,31265
2018,8,201808,충남,801069,816588,37210,43870
2018,8,201808,전북,664905,685638,28692,34272
2018,8,201808,전남,639031,734588,31245,41084
2018,8,201808,경북,1023285,1040676,43370,50647
2018,8,201808,경남,1285152,1333282,47440,56944
2018,8,201808,제주,278408,435646,12381,20464
2018,9,201809,서울,2523877,2654828,102872,122692
2018,9,201809,부산,1055567,1114850,38527,45792
2018,9,201809,대구,950435,974759,28396,33458
2018,9,201809,인천,1047257,1307443,41065,54300
2018,9,201809,광주,528178,545381,18197,21364
2018,9,201809,대전,540920,555923,19736,22489
2018,9,201809,울산,458397,467149,13161,15601
2018,9,201809,세종,123795,124714,3745,4240
2018,9,201809,경기,4443816,4528633,184234,220745
2018,9,201809,강원,561818,575546,25710,30427
2018,9,201809,충북,601415,616111,26562,31251
2018,9,201809,충남,803165,818683,37163,43818
2018,9,201809,전북,666566,687220,28670,34252
2018,9,201809,전남,640249,736718,31264,41295
2018,9,201809,경북,1025450,1042902,43370,50646
2018,9,201809,경남,1285683,1333704,47397,56881
2018,9,201809,제주,279133,440230,12355,20421
2018,10,201810,서울,2524965,2655989,102235,122014
2018,10,201810,부산,1057141,1117729,38433,45708
2018,10,201810,대구,951389,975791,28211,33291
2018,10,201810,인천,1051270,1313023,40999,54223
2018,10,201810,광주,529537,546673,18146,21310
2018,10,201810,대전,541603,556690,19633,22391
2018,10,201810,울산,458776,467504,13140,15566
2018,10,201810,세종,125063,126002,3731,4231
2018,10,201810,경기,4461889,4546684,183871,220343
2018,10,201810,강원,563049,576648,25605,30340
2018,10,201810,충북,603761,618505,26527,31213
2018,10,201810,충남,805494,820968,37031,43672
2018,10,201810,전북,667809,688525,28641,34203
2018,10,201810,전남,641742,737979,31213,41174
2018,10,201810,경북,1027407,1044839,43263,50547
2018,10,201810,경남,1287506,1335226,47322,56810
2018,10,201810,제주,279353,443955,12320,20273
2018,11,201811,서울,2525356,2656846,101604,121338
2018,11,201811,부산,1061515,1123382,38337,45649
2018,11,201811,대구,953902,978296,28173,33249
2018,11,201811,인천,1053387,1317636,40890,54171
2018,11,201811,광주,530705,547868,18119,21291
2018,11,201811,대전,542673,557777,19546,22301
2018,11,201811,울산,459414,468217,13070,15503
2018,11,201811,세종,125938,126861,3723,4264
2018,11,201811,경기,4484305,4569186,183719,220286
2018,11,201811,강원,564539,578209,25526,30276
2018,11,201811,충북,605672,620442,26455,31166
2018,11,201811,충남,808052,823628,36949,43625
2018,11,201811,전북,669575,690338,28596,34145
2018,11,201811,전남,644282,740839,31225,41207
2018,11,201811,경북,1029812,1047231,43209,50414
2018,11,201811,경남,1290058,1337647,47228,56710
2018,11,201811,제주,279833,448388,12265,20216
2018,12,201812,서울,2526699,2658637,101002,120780
2018,12,201812,부산,1062309,1125462,38171,45441
2018,12,201812,대구,955190,979600,28138,33206
2018,12,201812,인천,1056745,1324817,40772,54173
2018,12,201812,광주,531142,548234,18054,21217
2018,12,201812,대전,542888,558101,19504,22269
2018,12,201812,울산,459510,468283,13044,15466
2018,12,201812,세종,126740,127673,3738,4291
2018,12,201812,경기,4500558,4584983,183613,220160
2018,12,201812,강원,564798,578419,25385,30073
2018,12,201812,충북,607495,622459,26382,31065
2018,12,201812,충남,809746,825104,36890,43533
2018,12,201812,전북,670649,691403,28564,34080
2018,12,201812,전남,646148,744649,31183,40968
2018,12,201812,경북,1031457,1048829,43110,50291
2018,12,201812,경남,1291210,1338384,47103,56591
2018,12,201812,제주,279904,451887,12245,20190
2019,1,201901,서울,2531207,2662379,100612,120461
2019,1,201901,부산,1064044,1128464,38067,45313
2019,1,201901,대구,956775,981126,28089,33117
2019,1,201901,인천,1061088,1332623,40801,54208
2019,1,201901,광주,532780,549810,18068,21222
2019,1,201901,대전,543615,558819,19443,22201
2019,1,201901,울산,460424,469124,13055,15454
2019,1,201901,세종,128405,129341,3761,4316
2019,1,201901,경기,4521125,4605200,183524,219987
2019,1,201901,강원,566826,580409,25335,29998
2019,1,201901,충북,609827,624995,26428,31111
2019,1,201901,충남,812694,827935,36836,43477
2019,1,201901,전북,672536,693221,28588,34085
2019,1,201901,전남,647979,746275,31191,40946
2019,1,201901,경북,1034262,1051661,43147,50332
2019,1,201901,경남,1294739,1341375,47095,56554
2019,1,201901,제주,279822,455095,12247,20201
2019,2,201902,서울,2532334,2663636,100137,119995
2019,2,201902,부산,1066786,1132230,37953,45228
2019,2,201902,대구,956529,980836,28040,33065
2019,2,201902,인천,1062924,1336503,40596,54020
2019,2,201902,광주,533222,550179,18008,21152
2019,2,201902,대전,543404,558406,19368,22095
2019,2,201902,울산,460906,469568,13037,15429
2019,2,201902,세종,129922,130852,3769,4323
2019,2,201902,경기,4524752,4608426,182339,218682
2019,2,201902,강원,567661,581273,25281,29934
2019,2,201902,충북,611246,626645,26435,31125
2019,2,201902,충남,814670,829884,36772,43404
2019,2,201902,전북,673624,694161,28593,34077
2019,2,201902,전남,648786,746912,31152,40881
2019,2,201902,경북,1035753,1053090,43099,50263
2019,2,201902,경남,1293989,1340336,47034,56448
2019,2,201902,제주,279598,457626,12216,20223
2019,3,201903,서울,2532494,2663430,99265,119108
2019,3,201903,부산,1066854,1133833,37786,45069
2019,3,201903,대구,957864,982467,27977,33016
2019,3,201903,인천,1064224,1338688,40389,53907
2019,3,201903,광주,534525,551558,17927,21074
2019,3,201903,대전,543932,558965,19289,21992
2019,3,201903,울산,461744,470388,13001,15392
2019,3,201903,세종,131400,132364,3798,4349
2019,3,201903,경기,4531510,4615660,181228,217558
2019,3,201903,강원,568484,582105,25103,29770
2019,3,201903,충북,612257,627879,26301,31009
2019,3,201903,충남,816667,831941,36680,43304
2019,3,201903,전북,674148,695331,28507,33988
2019,3,201903,전남,650075,749007,31019,40729
2019,3,201903,경북,1037842,1055094,42951,50128
2019,3,201903,경남,1295267,1341414,46823,56226
2019,3,201903,제주,279845,461043,12186,20188
2019,4,201904,서울,2531239,2662378,98230,118322
2019,4,201904,부산,1066219,1134948,37534,44835
2019,4,201904,대구,956476,980896,27683,32726
2019,4,201904,인천,1066080,1342889,40033,53560
2019,4,201904,광주,535493,552322,17825,20966
2019,4,201904,대전,544261,559298,19193,21916
2019,4,201904,울산,462540,471180,12957,15375
2019,4,201904,세종,132433,133395,3786,4341
2019,4,201904,경기,4542077,4625530,180073,216411
2019,4,201904,강원,569709,583457,25021,29705
2019,4,201904,충북,616728,632521,26196,30924
2019,4,201904,충남,818419,833569,36541,43171
2019,4,201904,전북,675443,696456,28445,33905
2019,4,201904,전남,651589,751120,30939,40640
2019,4,201904,경북,1039352,1056776,42747,49927
2019,4,201904,경남,1297167,1344172,46684,56084
2019,4,201904,제주,279680,464363,12083,20157
2019,5,201905,서울,2530595,2661549,97368,117713
2019,5,201905,부산,1067186,1137442,37281,44655
2019,5,201905,대구,957642,982019,27484,32566
2019,5,201905,인천,1067409,1349224,39715,53519
2019,5,201905,광주,536711,553476,17710,20861
2019,5,201905,대전,544397,559489,19005,21734
2019,5,201905,울산,462954,471595,12869,15297
2019,5,201905,세종,133275,134215,3793,4349
2019,5,201905,경기,4558446,4640680,179206,215525
2019,5,201905,강원,571252,584976,24959,29657
2019,5,201905,충북,618324,634082,26141,30901
2019,5,201905,충남,820408,835489,36422,43076
2019,5,201905,전북,676615,698435,28358,33872
2019,5,201905,전남,652878,752365,30908,40579
2019,5,201905,경북,1041527,1058914,42637,49835
2019,5,201905,경남,1299535,1347602,46591,56001
2019,5,201905,제주,280910,468147,12030,20150
2019,6,201906,서울,2529506,2660664,96725,117705
2019,6,201906,부산,1068544,1139856,37184,44592
2019,6,201906,대구,959109,983467,27357,32425
2019,6,201906,인천,1069869,1356319,39480,53002
2019,6,201906,광주,537724,554489,17664,20793
2019,6,201906,대전,544673,559767,18902,21622
2019,6,201906,울산,463728,472342,12818,15248
2019,6,201906,세종,134389,135302,3801,4356
2019,6,201906,경기,4575717,4657543,178767,215254
2019,6,201906,강원,572812,586592,24911,29667
2019,6,201906,충북,619877,635720,26071,30827
2019,6,201906,충남,822325,837321,36364,43023
2019,6,201906,전북,678145,699927,28266,33783
2019,6,201906,전남,654361,754526,30871,40552
2019,6,201906,경북,1043478,1060817,42541,49733
2019,6,201906,경남,1301902,1350784,46475,55897
2019,6,201906,제주,281540,472529,11968,20102
2019,7,201907,서울,2530937,2662543,96015,116932
2019,7,201907,부산,1070064,1141055,36989,44369
2019,7,201907,대구,960448,984858,27258,32331
2019,7,201907,인천,1071947,1364193,39272,52960
2019,7,201907,광주,539376,555975,17605,20737
2019,7,201907,대전,545218,560425,18816,21523
2019,7,201907,울산,464613,473226,12795,15233
2019,7,201907,세종,135758,136672,3808,4377
2019,7,201907,경기,4595174,4674946,178299,214604
2019,7,201907,강원,574543,588378,24867,29600
2019,7,201907,충북,621739,637814,26000,30765
2019,7,201907,충남,824201,839179,36366,43010
2019,7,201907,전북,679238,700822,28148,33660
2019,7,201907,전남,655948,756300,30841,40479
2019,7,201907,경북,1045456,1062716,42485,49649
2019,7,201907,경남,1304738,1354504,46384,55801
2019,7,201907,제주,281176,477369,11887,20077
2019,8,201908,서울,2531727,2663566,95459,116450
2019,8,201908,부산,1071268,1143117,36855,44257
2019,8,201908,대구,962016,986623,27175,32188
2019,8,201908,인천,1073020,1365669,38990,52783
2019,8,201908,광주,540627,557120,17515,20649
2019,8,201908,대전,545479,560698,18704,21403
2019,8,201908,울산,465250,473907,12736,15173
2019,8,201908,세종,136814,137728,3838,4403
2019,8,201908,경기,4609933,4689682,177616,213899
2019,8,201908,강원,576153,590035,24862,29600
2019,8,201908,충북,623265,639455,25944,30732
2019,8,201908,충남,826150,841050,36316,42939
2019,8,201908,전북,680643,702205,28138,33645
2019,8,201908,전남,657055,757860,30813,40356
2019,8,201908,경북,1047419,1064649,42386,49557
2019,8,201908,경남,1306974,1356959,46274,55693
2019,8,201908,제주,281183,481167,11871,20087
2019,9,201909,서울,2533578,2665342,95003,116144
2019,9,201909,부산,1072852,1145692,36770,44187
2019,9,201909,대구,963925,988534,27098,32101
2019,9,201909,인천,1075417,1368254,38771,52346
2019,9,201909,광주,541829,558227,17464,20599
2019,9,201909,대전,546286,561491,18611,21317
2019,9,201909,울산,466003,474660,12716,15145
2019,9,201909,세종,137817,138732,3836,4402
2019,9,201909,경기,4618286,4698833,176091,212418
2019,9,201909,강원,577757,591559,24828,29589
2019,9,201909,충북,624995,641246,25934,30716
2019,9,201909,충남,828354,843777,36272,42913
2019,9,201909,전북,681876,703296,28069,33574
2019,9,201909,전남,659184,760462,30787,40321
2019,9,201909,경북,1049798,1066942,42352,49530
2019,9,201909,경남,1310129,1360698,46204,55698
2019,9,201909,제주,280815,483813,11750,19907
2019,10,201910,서울,2534451,2666195,94400,115519
2019,10,201910,부산,1073510,1145327,36551,43991
2019,10,201910,대구,964599,992017,26931,31945
2019,10,201910,인천,1077921,1374324,38593,52100
2019,10,201910,광주,542789,559198,17407,20532
2019,10,201910,대전,546853,562038,18506,21219
2019,10,201910,울산,466077,474717,12668,15102
2019,10,201910,세종,139225,140165,3850,4426
2019,10,201910,경기,4628295,4708420,175104,211459
2019,10,201910,강원,577959,591780,24642,29438
2019,10,201910,충북,626525,642872,25828,30630
2019,10,201910,충남,830060,845449,36140,42774
2019,10,201910,전북,681597,702894,27837,33343
2019,10,201910,전남,660349,762759,30728,40203
2019,10,201910,경북,1050777,1067858,42238,49391
2019,10,201910,경남,1311183,1359512,45933,55468
2019,10,201910,제주,280370,487096,11693,19835
2019,11,201911,서울,2536568,2668175,93859,114942
2019,11,201911,부산,1075568,1148948,36371,43836
2019,11,201911,대구,966529,994527,26845,31860
2019,11,201911,인천,1081096,1378341,38349,51935
2019,11,201911,광주,543816,560177,17329,20488
2019,11,201911,대전,547557,562704,18426,21135
2019,11,201911,울산,466656,475446,12634,15061
2019,11,201911,세종,140364,141303,3855,4436
2019,11,201911,경기,4643149,4723262,174211,210619
2019,11,201911,강원,579327,593212,24538,29345
2019,11,201911,충북,627929,644252,25692,30527
2019,11,201911,충남,831239,846643,36013,42669
2019,11,201911,전북,682806,703976,27713,33221
2019,11,201911,전남,662234,764740,30643,40121
2019,11,201911,경북,1052555,1069660,42035,49172
2019,11,201911,경남,1313127,1362490,45759,55280
2019,11,201911,제주,280207,491295,11654,19854
2019,12,201912,서울,2538890,2670803,93250,114310
2019,12,201912,부산,1077838,1152712,36251,43687
2019,12,201912,대구,967158,995003,26693,31688
2019,12,201912,인천,1084566,1383849,38222,51756
2019,12,201912,광주,544455,560725,17302,20453
2019,12,201912,대전,548521,563646,18327,21027
2019,12,201912,울산,467645,476409,12617,15043
2019,12,201912,세종,141324,142265,3852,4439
2019,12,201912,경기,4658015,4737467,173694,210195
2019,12,201912,강원,580566,594377,24473,29269
2019,12,201912,충북,629115,645420,25515,30343
2019,12,201912,충남,833189,848515,35863,42498
2019,12,201912,전북,684714,705785,27698,33218
2019,12,201912,전남,664639,767000,30536,39950
2019,12,201912,경북,1055185,1072203,41905,49038
2019,12,201912,경남,1315862,1366284,45696,55134
2019,12,201912,제주,280041,495054,11600,19751
2020,1,202001,서울,2542280,2673913,92965,114005
2020,1,202001,부산,1079059,1154545,36158,43618
2020,1,202001,대구,968401,996304,26633,31627
2020,1,202001,인천,1086869,1385976,38147,51583
2020,1,202001,광주,545858,561992,17305,20444
2020,1,202001,대전,549724,564839,18297,20996
2020,1,202001,울산,468669,477313,12615,15031
2020,1,202001,세종,142372,143316,3861,4463
2020,1,202001,경기,4670232,4749591,173366,209979
2020,1,202001,강원,582260,596080,24464,29258
2020,1,202001,충북,630537,646903,25403,30235
2020,1,202001,충남,835957,851238,35818,42426
2020,1,202001,전북,686196,707221,27712,33219
2020,1,202001,전남,665693,771066,30520,39931
2020,1,202001,경북,1057704,1074746,41899,49055
2020,1,202001,경남,1318906,1370360,45707,55152
2020,1,202001,제주,279574,498859,11544,19747
2020,2,202002,서울,2540857,2671522,92398,113364
2020,2,202002,부산,1079563,1156385,36081,43535
2020,2,202002,대구,968892,996614,26538,31519
2020,2,202002,인천,1086864,1384589,37958,51319
2020,2,202002,광주,546373,562449,17272,20390
2020,2,202002,대전,550182,565217,18310,21004
2020,2,202002,울산,468688,477325,12592,15009
2020,2,202002,세종,143307,144252,3874,4471
2020,2,202002,경기,4673696,4752598,172372,209014
2020,2,202002,강원,583136,596868,24436,29232
2020,2,202002,충북,631856,648060,25370,30199
2020,2,202002,충남,837285,852535,35838,42426
2020,2,202002,전북,686826,707683,27740,33233
2020,2,202002,전남,666452,771582,30506,39878
2020,2,202002,경북,1058825,1075772,41882,49010
2020,2,202002,경남,1320929,1373420,45701,55121
2020,2,202002,제주,279980,500959,11506,19654
2020,3,202003,서울,2543567,2673192,91798,112657
2020,3,202003,부산,1079903,1157667,35847,43290
2020,3,202003,대구,970852,998458,26544,31522
2020,3,202003,인천,1089833,1388962,37947,51166
2020,3,202003,광주,548531,564438,17282,20370
2020,3,202003,대전,552347,567175,18291,20984
2020,3,202003,울산,469752,478370,12566,14971
2020,3,202003,세종,144227,145166,3864,4461
2020,3,202003,경기,4696495,4774567,171982,208681
2020,3,202003,강원,584400,598126,24296,29059
2020,3,202003,충북,636509,652572,25240,30025
2020,3,202003,충남,839507,854677,35757,42372
2020,3,202003,전북,688374,709213,27645,33134
2020,3,202003,전남,668285,773279,30366,39671
2020,3,202003,경북,1059168,1076028,41678,48787
2020,3,202003,경남,1322756,1376744,45454,54843
2020,3,202003,제주,283225,506048,11478,19541
2020,4,202004,서울,2548095,2677243,91452,111968
2020,4,202004,부산,1082388,1161561,35730,43155
2020,4,202004,대구,974220,1001754,26538,31500
2020,4,202004,인천,1093230,1406416,37827,51255
2020,4,202004,광주,550606,566442,17251,20344
2020,4,202004,대전,553809,568667,18201,20883
2020,4,202004,울산,470633,479243,12502,14910
2020,4,202004,세종,144808,145664,3851,4443
2020,4,202004,경기,4722145,4801534,171861,208558
2020,4,202004,강원,586252,599926,24231,28984
2020,4,202004,충북,638399,654505,25198,29986
2020,4,202004,충남,841220,856335,35528,42123
2020,4,202004,전북,689948,710593,27452,32936
2020,4,202004,전남,670407,774643,30315,39534
2020,4,202004,경북,1061204,1077981,41614,48700
2020,4,202004,경남,1326267,1381526,45305,54670
2020,4,202004,제주,283971,495793,11412,19173
2020,5,202005,서울,2553895,2682910,91020,111330
2020,5,202005,부산,1085671,1165643,35625,43045
2020,5,202005,대구,975837,1003358,26287,31229
2020,5,202005,인천,1096722,1409787,37738,51068
2020,5,202005,광주,552300,568029,17171,20245
2020,5,202005,대전,555382,570170,18032,20713
2020,5,202005,울산,471539,480139,12461,14845
2020,5,202005,세종,145200,146052,3810,4402
2020,5,202005,경기,4746030,4824718,171523,208178
2020,5,202005,강원,588893,602539,24212,28996
2020,5,202005,충북,640943,657081,25161,29963
2020,5,202005,충남,844309,859403,35475,42077
2020,5,202005,전북,692471,712842,27382,32910
2020,5,202005,전남,673094,777946,30285,39485
2020,5,202005,경북,1063881,1080592,41585,48692
2020,5,202005,경남,1329751,1386147,45237,54574
2020,5,202005,제주,285407,500721,11377,19142
2020,6,202006,서울,2562705,2691874,90549,110589
2020,6,202006,부산,1089974,1170655,35453,42943
2020,6,202006,대구,979663,1007081,26173,31116
2020,6,202006,인천,1100942,1415718,37599,50927
2020,6,202006,광주,554788,570487,17107,20177
2020,6,202006,대전,557138,571699,17967,20660
2020,6,202006,울산,473321,482179,12419,14807
2020,6,202006,세종,145635,146487,3764,4363
2020,6,202006,경기,4774495,4852875,170987,207704
2020,6,202006,강원,592408,606003,24203,29000
2020,6,202006,충북,644877,660953,25180,29987
2020,6,202006,충남,849144,864246,35384,41988
2020,6,202006,전북,695370,715742,27329,32867
2020,6,202006,전남,676270,782719,30292,39587
2020,6,202006,경북,1067721,1084359,41537,48691
2020,6,202006,경남,1335020,1393312,45081,54413
2020,6,202006,제주,286887,505487,11363,19135
2020,7,202007,서울,2567831,2698140,90119,109845
2020,7,202007,부산,1091627,1174802,35296,42832
2020,7,202007,대구,983786,1011284,26121,31056
2020,7,202007,인천,1104428,1419458,37443,50681
2020,7,202007,광주,556262,571952,17122,20186
2020,7,202007,대전,558750,573340,17967,20647
2020,7,202007,울산,475284,484153,12409,14800
2020,7,202007,세종,146467,147319,3747,4348
2020,7,202007,경기,4792695,4870971,170608,207280
2020,7,202007,강원,595257,608948,24202,28996
2020,7,202007,충북,647201,663456,25097,29909
2020,7,202007,충남,852716,867779,35396,41967
2020,7,202007,전북,697178,717393,27327,32838
2020,7,202007,전남,678785,786996,30282,39647
2020,7,202007,경북,1070480,1087095,41474,48703
2020,7,202007,경남,1338624,1397267,45040,54312
2020,7,202007,제주,288186,511143,11333,19117
2020,8,202008,서울,2569281,2699801,89658,109050
2020,8,202008,부산,1092950,1176697,35212,42737
2020,8,202008,대구,990689,1018149,26056,31006
2020,8,202008,인천,1102815,1416835,37258,50336
2020,8,202008,광주,556003,571627,17066,20123
2020,8,202008,대전,558473,573033,17937,20622
2020,8,202008,울산,475282,484144,12315,14712
2020,8,202008,세종,147280,148210,3727,4327
2020,8,202008,경기,4805842,4883946,170227,206776
2020,8,202008,강원,596789,610444,24132,28907
2020,8,202008,충북,648313,664649,25034,29858
2020,8,202008,충남,854085,869059,35319,41912
2020,8,202008,전북,698008,718142,27264,32774
2020,8,202008,전남,679708,789593,30170,39540
2020,8,202008,경북,1071821,1088332,41370,48558
2020,8,202008,경남,1339430,1398824,44928,54174
2020,8,202008,제주,289014,514328,11334,19121
2020,9,202009,서울,2572932,2703429,89032,108205
2020,9,202009,부산,1095606,1180159,35103,42566
2020,9,202009,대구,995490,1022921,26042,30973
2020,9,202009,인천,1105068,1417527,37090,49972
2020,9,202009,광주,558151,573740,17062,20090
2020,9,202009,대전,560214,574798,17881,20565
2020,9,202009,울산,475837,484686,12252,14642
2020,9,202009,세종,147982,148913,3736,4334
2020,9,202009,경기,4829671,4908707,169869,206361
2020,9,202009,강원,598705,612314,24141,28908
2020,9,202009,충북,650691,667142,24927,29734
2020,9,202009,충남,857101,872074,35193,41793
2020,9,202009,전북,699824,719974,27186,32694
2020,9,202009,전남,681661,794730,30044,39396
2020,9,202009,경북,1074203,1090722,41231,48393
2020,9,202009,경남,1342678,1403276,44748,54013
2020,9,202009,제주,290221,518685,11313,19141
2020,10,202010,서울,2576019,2705842,88509,107701
2020,10,202010,부산,1097949,1183236,34981,42444
2020,10,202010,대구,996089,1023324,25808,30731
2020,10,202010,인천,1107328,1420633,37064,49895
2020,10,202010,광주,558934,574434,16989,20004
2020,10,202010,대전,560504,575165,17667,20342
2020,10,202010,울산,476222,485087,12191,14575
2020,10,202010,세종,149513,150464,3753,4347
2020,10,202010,경기,4848137,4927443,169098,205633
2020,10,202010,강원,600345,613872,24132,28876
2020,10,202010,충북,652584,669120,24837,29622
2020,10,202010,충남,859010,874080,35090,41655
2020,10,202010,전북,701233,721246,27152,32639
2020,10,202010,전남,683562,797059,29983,39311
2020,10,202010,경북,1076747,1093218,41126,48272
2020,10,202010,경남,1345295,1407461,44547,53763
2020,10,202010,제주,290887,522174,11265,19089
2020,11,202011,서울,2580570,2710427,87964,107116
2020,11,202011,부산,1100834,1186674,34843,42290
2020,11,202011,대구,998269,1025331,25674,30584
2020,11,202011,인천,1111308,1425017,36938,49707
2020,11,202011,광주,560443,575934,16962,19976
2020,11,202011,대전,561396,576115,17515,20206
2020,11,202011,울산,477244,486089,12191,14573
2020,11,202011,세종,151079,152033,3752,4344
2020,11,202011,경기,4868613,4947803,168444,204977
2020,11,202011,강원,602490,616046,24074,28804
2020,11,202011,충북,654727,671306,24795,29591
2020,11,202011,충남,861599,876921,34911,41467
2020,11,202011,전북,703447,723325,27126,32616
2020,11,202011,전남,686072,800377,29962,39277
2020,11,202011,경북,1079836,1096324,41022,48163
2020,11,202011,경남,1348340,1412325,44313,53505
2020,11,202011,제주,291906,525878,11195,19044
2020,12,202012,서울,2582001,2711984,87315,106504
2020,12,202012,부산,1103130,1189345,34631,42056
2020,12,202012,대구,1000105,1027075,25605,30501
2020,12,202012,인천,1115094,1426203,36779,49339
2020,12,202012,광주,561016,576366,16934,19940
2020,12,202012,대전,562220,576906,17560,20262
2020,12,202012,울산,478098,486959,12148,14527
2020,12,202012,세종,152377,153330,3740,4344
2020,12,202012,경기,4887915,4966689,168018,204531
2020,12,202012,강원,603797,617377,23995,28723
2020,12,202012,충북,656498,672910,24676,29463
2020,12,202012,충남,863739,879120,34773,41331
2020,12,202012,전북,704687,724324,27031,32520
2020,12,202012,전남,688393,807039,29905,39262
2020,12,202012,경북,1082408,1098846,40958,48083
2020,12,202012,경남,1351899,1432989,44257,53612
2020,12,202012,제주,293193,513493,11179,18844
2021,1,202101,서울,2584950,2714483,86885,106065
2021,1,202101,부산,1106444,1193416,34503,41913
2021,1,202101,대구,1001695,1028624,25567,30442
2021,1,202101,인천,1120476,1427819,36735,48893
2021,1,202101,광주,562419,577607,16905,19885
2021,1,202101,대전,563668,578512,17589,20289
2021,1,202101,울산,479638,488384,12133,14504
2021,1,202101,세종,153699,154658,3737,4358
2021,1,202101,경기,4910582,4988901,167895,204341
2021,1,202101,강원,605614,619090,23995,28694
2021,1,202101,충북,658333,674880,24571,29350
2021,1,202101,충남,866497,881710,34721,41267
2021,1,202101,전북,706141,725619,27014,32490
2021,1,202101,전남,691135,813641,29895,39287
2021,1,202101,경북,1085962,1102298,40858,47979
2021,1,202101,경남,1356223,1438213,44197,53534
2021,1,202101,제주,294063,516062,11151,18749
2021,2,202102,서울,2585332,2714083,86425,105571
2021,2,202102,부산,1108550,1195723,34360,41720
2021,2,202102,대구,1002295,1029115,25518,30392
2021,2,202102,인천,1123261,1427088,36541,48451
2021,2,202102,광주,562976,578062,16869,19844
2021,2,202102,대전,563788,578625,17507,20208
2021,2,202102,울산,480060,488811,12107,14480
2021,2,202102,세종,154680,155636,3722,4345
2021,2,202102,경기,4925438,5003484,167495,203890
2021,2,202102,강원,607245,620707,23982,28686
2021,2,202102,충북,660101,676822,24568,29329
2021,2,202102,충남,868927,884157,34682,41242
2021,2,202102,전북,707795,727073,26983,32439
2021,2,202102,전남,693183,819605,29899,39297
2021,2,202102,경북,1088760,1105071,40834,47954
2021,2,202102,경남,1360132,1443372,44176,53507
2021,2,202102,제주,294719,519343,11152,18723
2021,3,202103,서울,2586913,2715453,85773,104813
2021,3,202103,부산,1110541,1198238,34154,41481
2021,3,202103,대구,1003440,1030339,25434,30282
2021,3,202103,인천,1126268,1427714,36306,48082
2021,3,202103,광주,563887,578859,16874,19849
2021,3,202103,대전,564232,578974,17431,20122
2021,3,202103,울산,480878,489569,12073,14444
2021,3,202103,세종,155593,156550,3732,4369
2021,3,202103,경기,4938375,5016097,166049,202379
2021,3,202103,강원,609166,622558,23869,28569
2021,3,202103,충북,662091,678909,24539,29294
2021,3,202103,충남,872228,887457,34619,41206
2021,3,202103,전북,709765,728861,26981,32423
2021,3,202103,전남,695410,825918,29773,39119
2021,3,202103,경북,1092856,1109192,40847,47972
2021,3,202103,경남,1363459,1448227,43886,53171
2021,3,202103,제주,295871,523796,11159,18674
2021,4,202104,서울,2589024,2717185,85183,104101
2021,4,202104,부산,1112514,1201378,33924,41207
2021,4,202104,대구,1000968,1027731,25238,30069
2021,4,202104,인천,1130334,1424641,36147,47804
2021,4,202104,광주,564001,578926,16694,19650
2021,4,202104,대전,565318,580113,17393,20085
2021,4,202104,울산,481163,489824,11978,14341
2021,4,202104,세종,156121,157096,3713,4355
2021,4,202104,경기,4954640,5032171,165249,201492
2021,4,202104,강원,609435,622954,23580,28263
2021,4,202104,충북,665802,682503,24282,29032
2021,4,202104,충남,873756,889086,34266,40842
2021,4,202104,전북,709946,728792,26736,32173
2021,4,202104,전남,696185,836520,29513,38778
2021,4,202104,경북,1094239,1110473,40524,47640
2021,4,202104,경남,1366044,1451842,43445,52714
2021,4,202104,제주,296352,528220,11027,18469
2021,5,202105,서울,2591628,2719601,84738,103662
2021,5,202105,부산,1115297,1205710,33759,41040
2021,5,202105,대구,999399,1026251,24890,29725
2021,5,202105,인천,1133666,1425254,36010,47518
2021,5,202105,광주,564082,579235,16518,19492
2021,5,202105,대전,564156,579013,17000,19698
2021,5,202105,울산,481073,489724,11861,14240
2021,5,202105,세종,156636,157669,3683,4328
2021,5,202105,경기,4969061,5046930,164736,201015
2021,5,202105,강원,610842,624313,23423,28083
2021,5,202105,충북,667241,684305,24157,28927
2021,5,202105,충남,875064,890375,34068,40658
2021,5,202105,전북,710199,728929,26531,31967
2021,5,202105,전남,697362,840881,29382,38692
2021,5,202105,경북,1095432,1111868,40223,47336
2021,5,202105,경남,1368435,1454514,43285,52545
2021,5,202105,제주,297339,532121,10994,18424
2021,6,202106,서울,2594368,2722462,84243,103178
2021,6,202106,부산,1117570,1209858,33551,40831
2021,6,202106,대구,1000782,1027683,24699,29532
2021,6,202106,인천,1137611,1427756,35826,47291
2021,6,202106,광주,565036,580208,16348,19311
2021,6,202106,대전,564345,579341,16811,19492
2021,6,202106,울산,481494,490151,11801,14182
2021,6,202106,세종,157244,158299,3679,4320
2021,6,202106,경기,4986826,5065423,164020,200347
2021,6,202106,강원,612524,626090,23373,28017
2021,6,202106,충북,669135,686422,24129,28886
2021,6,202106,충남,877432,892775,33955,40528
2021,6,202106,전북,711484,730315,26422,31847
2021,6,202106,전남,698651,846392,29319,38744
2021,6,202106,경북,1097174,1113628,40074,47204
2021,6,202106,경남,1371953,1458409,43102,52328
2021,6,202106,제주,298929,536787,10981,18406
2021,7,202107,서울,2603951,2731730,83717,102687
2021,7,202107,부산,1119651,1213348,33315,40595
2021,7,202107,대구,992899,1019841,24664,29510
2021,7,202107,인천,1138010,1427287,35663,47120
2021,7,202107,광주,565910,581041,16177,19127
2021,7,202107,대전,565495,580579,16765,19448
2021,7,202107,울산,482028,490693,11784,14167
2021,7,202107,세종,158035,159107,3638,4294
2021,7,202107,경기,5004417,5083114,163569,199830
2021,7,202107,강원,614339,627938,23283,27927
2021,7,202107,충북,675366,692639,24102,28860
2021,7,202107,충남,880089,895515,33911,40490
2021,7,202107,전북,712993,731590,26417,31838
2021,7,202107,전남,700381,851124,29250,38675
2021,7,202107,경북,1099345,1115807,39959,47074
2021,7,202107,경남,1377422,1464501,42959,52174
2021,7,202107,제주,300557,541285,10982,18459
2021,8,202108,서울,2604675,2732495,83253,102172
2021,8,202108,부산,1121550,1216240,33182,40457
2021,8,202108,대구,993638,1020638,24598,29428
2021,8,202108,인천,1140776,1427113,35440,46802
2021,8,202108,광주,567010,582113,16069,19015
2021,8,202108,대전,566159,581419,16745,19427
2021,8,202108,울산,482160,490792,11728,14112
2021,8,202108,세종,158469,159580,3640,4294
2021,8,202108,경기,5018836,5099844,162995,199201
2021,8,202108,강원,615396,629055,23193,27826
2021,8,202108,충북,676521,693967,24027,28798
2021,8,202108,충남,881519,896886,33741,40320
2021,8,202108,전북,713936,732362,26342,31758
2021,8,202108,전남,701354,853783,29226,38626
2021,8,202108,경북,1100485,1116981,39825,46934
2021,8,202108,경남,1378876,1466172,42767,51962
2021,8,202108,제주,301493,543802,10982,18434
2021,9,202109,서울,2608232,2736668,82817,101720
2021,9,202109,부산,1120999,1216699,33066,40332
2021,9,202109,대구,993599,1020668,24373,29203
2021,9,202109,인천,1143050,1421170,35275,46239
2021,9,202109,광주,568098,583310,16047,18996
2021,9,202109,대전,567022,582341,16673,19362
2021,9,202109,울산,482450,491085,11683,14067
2021,9,202109,세종,159108,160234,3604,4260
2021,9,202109,경기,5032431,5113116,162515,198697
2021,9,202109,강원,616931,630625,23102,27738
2021,9,202109,충북,677680,695127,24062,28836
2021,9,202109,충남,883144,898527,33673,40245
2021,9,202109,전북,714559,732813,26280,31662
2021,9,202109,전남,702266,863539,29129,38723
2021,9,202109,경북,1101703,1118165,39708,46805
2021,9,202109,경남,1380799,1468504,42585,51762
2021,9,202109,제주,302320,546396,10971,18389
2021,10,202110,서울,2608313,2736546,82395,101314
2021,10,202110,부산,1122705,1219296,32940,40208
2021,10,202110,대구,994088,1020970,24175,29001
2021,10,202110,인천,1145170,1420982,35128,45916
2021,10,202110,광주,569005,584117,15997,18938
2021,10,202110,대전,567686,583039,16528,19216
2021,10,202110,울산,482966,491589,11654,14040
2021,10,202110,세종,160133,161267,3647,4327
2021,10,202110,경기,5045617,5125701,161917,197946
2021,10,202110,강원,618871,632494,23035,27669
2021,10,202110,충북,678782,696353,23950,28718
2021,10,202110,충남,885345,900684,33577,40140
2021,10,202110,전북,715566,733716,26208,31590
2021,10,202110,전남,703555,867169,29084,38657
2021,10,202110,경북,1103490,1119885,39598,46687
2021,10,202110,경남,1383605,1471589,42430,51603
2021,10,202110,제주,303532,549093,10933,18348
2021,11,202111,서울,2610063,2739979,82024,100885
2021,11,202111,부산,1124594,1222806,32802,40072
2021,11,202111,대구,994965,1021422,24093,28934
2021,11,202111,인천,1148149,1423784,34959,45652
2021,11,202111,광주,570112,585177,15935,18884
2021,11,202111,대전,568726,584070,16434,19120
2021,11,202111,울산,483964,492519,11631,14017
2021,11,202111,세종,160860,162028,3643,4323
2021,11,202111,경기,5060732,5140733,161322,197292
2021,11,202111,강원,620564,634199,22917,27555
2021,11,202111,충북,680340,697806,23846,28616
2021,11,202111,충남,887595,902977,33505,40097
2021,11,202111,전북,716926,735015,26162,31540
2021,11,202111,전남,705206,870529,28971,38676
2021,11,202111,경북,1105855,1122275,39533,46613
2021,11,202111,경남,1386804,1475132,42261,51432
2021,11,202111,제주,304918,552551,10949,18354
2021,12,202112,서울,2609340,2740044,81584,100403
2021,12,202112,부산,1126920,1226983,32641,39954
2021,12,202112,대구,995814,1022281,24000,28828
2021,12,202112,인천,1153744,1427281,34820,45292
2021,12,202112,광주,571183,586296,15892,18844
2021,12,202112,대전,569274,584673,16437,19131
2021,12,202112,울산,484553,493117,11584,13983
2021,12,202112,세종,162159,163350,3643,4332
2021,12,202112,경기,5076494,5156297,160894,196910
2021,12,202112,강원,621793,635398,22809,27469
2021,12,202112,충북,681610,698980,23776,28556
2021,12,202112,충남,889050,904827,33414,40036
2021,12,202112,전북,717237,735361,26078,31497
2021,12,202112,전남,706251,878352,28836,38613
2021,12,202112,경북,1107181,1123626,39458,46547
2021,12,202112,경남,1389675,1478405,42080,51279
2021,12,202112,제주,305984,555377,10948,18294
2022,1,202201,서울,2611774,2741847,81140,99859
2022,1,202201,부산,1129048,1230584,32554,39871
2022,1,202201,대구,997376,1023943,23940,28746
2022,1,202201,인천,1157582,1431812,34678,45009
2022,1,202201,광주,572692,587789,15882,18841
2022,1,202201,대전,570244,585692,16371,19059
2022,1,202201,울산,485475,494036,11542,13942
2022,1,202201,세종,163627,164821,3656,4341
2022,1,202201,경기,5091285,5171817,160639,196619
2022,1,202201,강원,623688,637358,22781,27433
2022,1,202201,충북,683248,700520,23685,28478
2022,1,202201,충남,891618,907359,33334,39972
2022,1,202201,전북,718750,736772,26016,31422
2022,1,202201,전남,708230,880688,28760,38380
2022,1,202201,경북,1109754,1126106,39400,46517
2022,1,202201,경남,1392549,1482414,42033,51245
2022,1,202201,제주,306873,558454,10931,18243
2022,2,202202,서울,2612710,2743620,80783,99542
2022,2,202202,부산,1130958,1234290,32464,39774
2022,2,202202,대구,998096,1024736,23838,28630
2022,2,202202,인천,1161252,1435165,34572,44824
2022,2,202202,광주,573178,588216,15837,18804
2022,2,202202,대전,570780,586354,16309,18995
2022,2,202202,울산,486009,494595,11515,13909
2022,2,202202,세종,164601,165798,3677,4362
2022,2,202202,경기,5100546,5180941,160124,196116
2022,2,202202,강원,625002,638654,22722,27321
2022,2,202202,충북,684573,702002,23698,28502
2022,2,202202,충남,893645,909469,33266,39876
2022,2,202202,전북,719847,737699,25951,31351
2022,2,202202,전남,710135,883638,28704,38286
2022,2,202202,경북,1111390,1127752,39368,46473
2022,2,202202,경남,1394950,1485280,41914,51042
2022,2,202202,제주,307805,560777,10912,18201
2022,3,202203,서울,2614581,2745269,80299,99081
2022,3,202203,부산,1132298,1237749,32091,39409
2022,3,202203,대구,999664,1026421,23736,28534
2022,3,202203,인천,1166373,1439883,34422,44581
2022,3,202203,광주,574563,589755,15752,18708
2022,3,202203,대전,571704,587738,16188,18881
2022,3,202203,울산,486262,494889,11413,13815
2022,3,202203,세종,165282,166501,3664,4349
2022,3,202203,경기,5115621,5196209,159476,195432
2022,3,202203,강원,626692,640414,22720,27316
2022,3,202203,충북,686397,704117,23639,28401
2022,3,202203,충남,896784,912336,33203,39817
2022,3,202203,전북,721517,739348,25889,31251
2022,3,202203,전남,712192,885785,28620,38113
2022,3,202203,경북,1113827,1130206,39246,46337
2022,3,202203,경남,1397640,1490030,41630,50725
2022,3,202203,제주,308953,563641,10844,18102
2022,4,202204,서울,2617713,2747720,79878,98687
2022,4,202204,부산,1134229,1241104,31918,39227
2022,4,202204,대구,1001454,1028256,23591,28385
2022,4,202204,인천,1171006,1442571,34285,44280
2022,4,202204,광주,575132,590347,15551,18508
2022,4,202204,대전,573123,589526,16030,18728
2022,4,202204,울산,486483,495098,11316,13723
2022,4,202204,세종,165955,167212,3648,4321
2022,4,202204,경기,5130800,5211956,158879,194741
2022,4,202204,강원,628149,641921,22637,27232
2022,4,202204,충북,687967,705817,23533,28283
2022,4,202204,충남,898876,914495,32978,39588
2022,4,202204,전북,722592,740372,25698,31054
2022,4,202204,전남,713772,891506,28418,37995
2022,4,202204,경북,1115641,1132009,39084,46162
2022,4,202204,경남,1400474,1494270,41362,50429
2022,4,202204,제주,310301,567311,10838,18081
2022,5,202205,서울,2620310,2750647,79542,98381
2022,5,202205,부산,1137022,1244862,31745,39048
2022,5,202205,대구,1002345,1029319,23466,28237
2022,5,202205,인천,1175072,1446766,34106,44007
2022,5,202205,광주,575889,591152,15397,18383
2022,5,202205,대전,574222,590881,15915,18627
2022,5,202205,울산,486909,495534,11235,13633
2022,5,202205,세종,166635,167905,3627,4308
2022,5,202205,경기,5144038,5225376,158189,194092
2022,5,202205,강원,629498,643371,22466,27065
2022,5,202205,충북,689436,707372,23454,28220
2022,5,202205,충남,901036,916617,32905,39494
2022,5,202205,전북,723396,741005,25605,30945
2022,5,202205,전남,714911,894990,28278,37879
2022,5,202205,경북,1116566,1133001,38870,45954
2022,5,202205,경남,1403931,1499252,41165,50202
2022,5,202205,제주,311362,570429,10765,17999
2022,6,202206,서울,2622548,2753293,79167,98145
2022,6,202206,부산,1139352,1248572,31643,38966
2022,6,202206,대구,1004115,1031153,23397,28186
2022,6,202206,인천,1179622,1450184,33981,43757
2022,6,202206,광주,577010,592232,15304,18276
2022,6,202206,대전,575146,591843,15844,18569
2022,6,202206,울산,487508,496132,11229,13646
2022,6,202206,세종,167193,168539,3636,4327
2022,6,202206,경기,5156713,5238313,157599,193621
2022,6,202206,강원,631060,644987,22388,27007
2022,6,202206,충북,690914,708829,23405,28186
2022,6,202206,충남,903551,919118,32851,39438
2022,6,202206,전북,725027,742428,25578,30927
2022,6,202206,전남,716179,899233,28213,37850
2022,6,202206,경북,1117782,1134215,38783,45891
2022,6,202206,경남,1407099,1504212,40992,50017
2022,6,202206,제주,311987,571785,10720,17928
2022,7,202207,서울,2625501,2756239,78824,97845
2022,7,202207,부산,1140904,1250655,31551,38879
2022,7,202207,대구,1006360,1033871,23288,28075
2022,7,202207,인천,1184802,1454807,33924,43667
2022,7,202207,광주,578237,593563,15269,18244
2022,7,202207,대전,576621,593710,15765,18488
2022,7,202207,울산,488046,496303,11192,13614
2022,7,202207,세종,167833,169193,3622,4324
2022,7,202207,경기,5169467,5251703,157084,193104
2022,7,202207,강원,632884,646883,22358,26983
2022,7,202207,충북,692933,711055,23374,28152
2022,7,202207,충남,906568,922280,32788,39364
2022,7,202207,전북,726424,743682,25524,30882
2022,7,202207,전남,718287,904379,28163,37856
2022,7,202207,경북,1120179,1136613,38734,45840
2022,7,202207,경남,1410569,1511064,40844,49863
2022,7,202207,제주,313176,574592,10701,17904
2022,8,202208,서울,2624990,2756372,78469,97545
2022,8,202208,부산,1141451,1252025,31420,38751
2022,8,202208,대구,1007550,1035334,23220,28015
2022,8,202208,인천,1189056,1457168,33798,43464
2022,8,202208,광주,579213,594474,15257,18203
2022,8,202208,대전,577386,594670,15712,18437
2022,8,202208,울산,488154,496391,11159,13580
2022,8,202208,세종,168183,169558,3616,4319
2022,8,202208,경기,5174794,5257102,156421,192512
2022,8,202208,강원,634332,648544,22277,26879
2022,8,202208,충북,694363,712563,23335,28123
2022,8,202208,충남,908505,924195,32696,39316
2022,8,202208,전북,727473,744635,25473,30805
2022,8,202208,전남,719808,907026,28085,37904
2022,8,202208,경북,1121828,1138275,38642,45762
2022,8,202208,경남,1414027,1515319,40748,49757
2022,8,202208,제주,314393,576851,10706,17928
2022,9,202209,서울,2627673,2758350,78099,97197
2022,9,202209,부산,1142504,1254449,31293,38645
2022,9,202209,대구,1008528,1036400,23154,27945
2022,9,202209,인천,1193165,1457120,33671,43186
2022,9,202209,광주,580483,595668,15201,18148
2022,9,202209,대전,578253,595828,15602,18340
2022,9,202209,울산,488626,496802,11099,13520
2022,9,202209,세종,168561,169991,3607,4309
2022,9,202209,경기,5186265,5271182,155803,191878
2022,9,202209,강원,636119,650369,22227,26845
2022,9,202209,충북,695899,714188,23298,28085
2022,9,202209,충남,910866,926612,32579,39176
2022,9,202209,전북,728700,745785,25411,30744
2022,9,202209,전남,721340,910677,27995,37945
2022,9,202209,경북,1119745,1136125,38478,45604
2022,9,202209,경남,1416984,1518146,40597,49574
2022,9,202209,제주,315548,578234,10708,17898
2022,10,202210,서울,2628253,2758912,77768,96841
2022,10,202210,부산,1144494,1257771,31148,38539
2022,10,202210,대구,1009800,1037681,23075,27870
2022,10,202210,인천,1197411,1447621,33525,43087
2022,10,202210,광주,581218,596552,15134,18080
2022,10,202210,대전,578947,596617,15535,18292
2022,10,202210,울산,489264,497447,11069,13498
2022,10,202210,세종,169044,170463,3580,4267
2022,10,202210,경기,5196239,5281865,155291,191419
2022,10,202210,강원,637558,651806,22148,26754
2022,10,202210,충북,697190,715615,23209,28009
2022,10,202210,충남,913270,928877,32535,39094
2022,10,202210,전북,729828,746842,25345,30709
2022,10,202210,전남,722828,928229,27943,37906
2022,10,202210,경북,1121939,1138353,38363,45472
2022,10,202210,경남,1420383,1522443,40497,49461
2022,10,202210,제주,316454,579978,10628,17814
2022,11,202211,서울,2631527,2761701,77458,96514
2022,11,202211,부산,1146022,1260670,31027,38413
2022,11,202211,대구,1011916,1039990,23014,27843
2022,11,202211,인천,1201795,1443540,33411,42498
2022,11,202211,광주,582561,597918,15121,18064
2022,11,202211,대전,580338,598008,15485,18240
2022,11,202211,울산,490186,498343,11053,13487
2022,11,202211,세종,169645,171131,3565,4254
2022,11,202211,경기,5211489,5297090,154880,190947
2022,11,202211,강원,639476,653733,22112,26721
2022,11,202211,충북,698985,717448,23191,27996
2022,11,202211,충남,916747,932274,32500,39102
2022,11,202211,전북,731720,748524,25295,30651
2022,11,202211,전남,725143,937211,27885,38154
2022,11,202211,경북,1124961,1141274,38296,45406
2022,11,202211,경남,1426033,1531039,40397,49494
2022,11,202211,제주,317608,581992,10596,17807
2022,12,202212,서울,2633529,2763730,77022,96085
2022,12,202212,부산,1146738,1262621,30869,38269
2022,12,202212,대구,1012839,1040968,22960,27784
2022,12,202212,인천,1205301,1442976,33251,42120
2022,12,202212,광주,583614,598879,15076,17996
2022,12,202212,대전,581422,599041,15423,18163
2022,12,202212,울산,490607,498713,11022,13445
2022,12,202212,세종,170149,171636,3550,4251
2022,12,202212,경기,5226499,5311946,154717,190926
2022,12,202212,강원,640895,655244,22027,26640
2022,12,202212,충북,700464,718750,23159,27947
2022,12,202212,충남,919182,934596,32416,39034
2022,12,202212,전북,733153,749991,25246,30618
2022,12,202212,전남,727240,938175,27840,38072
2022,12,202212,경북,1127239,1143496,38245,45356
2022,12,202212,경남,1430811,1539666,40209,49492
2022,12,202212,제주,318293,582331,10593,17763
2023,1,202301,서울,2636217,2765782,76766,95828
2023,1,202301,부산,1147830,1264858,30777,38186
2023,1,202301,대구,1014289,1042719,22907,27716
2023,1,202301,인천,1209315,1446230,33189,41968
2023,1,202301,광주,584449,599671,15078,17995
2023,1,202301,대전,582730,600433,15384,18119
2023,1,202301,울산,492167,500243,11003,13430
2023,1,202301,세종,170928,172426,3528,4229
2023,1,202301,경기,5239959,5324836,154255,190419
2023,1,202301,강원,642698,657068,21980,26601
2023,1,202301,충북,702587,721373,23148,27941
2023,1,202301,충남,922740,938153,32408,39037
2023,1,202301,전북,735236,751926,25198,30567
2023,1,202301,전남,730338,939321,27788,37905
2023,1,202301,경북,1130769,1147025,38195,45306
2023,1,202301,경남,1434825,1543446,40143,49409
2023,1,202301,제주,318984,583870,10573,17738
2023,2,202302,서울,2635938,2764741,76373,95410
2023,2,202302,부산,1149580,1267513,30629,38075
2023,2,202302,대구,1014819,1043424,22859,27653
2023,2,202302,인천,1212175,1447984,33109,41845
2023,2,202302,광주,585083,600243,15048,17957
2023,2,202302,대전,583332,601269,15344,18097
2023,2,202302,울산,493363,501415,10981,13407
2023,2,202302,세종,171646,173138,3510,4198
2023,2,202302,경기,5248130,5332573,153881,190021
2023,2,202302,강원,644359,658558,21958,26591
2023,2,202302,충북,704495,723579,23093,27911
2023,2,202302,충남,925807,941628,32352,38994
2023,2,202302,전북,736859,753260,25191,30550
2023,2,202302,전남,732800,940458,27772,37819
2023,2,202302,경북,1133811,1150049,38152,45277
2023,2,202302,경남,1438745,1546811,40147,49404
2023,2,202302,제주,319924,585326,10548,17712
2023,3,202303,서울,2638758,2768314,75866,94927
2023,3,202303,부산,1151316,1270131,30417,37877
2023,3,202303,대구,1015177,1043882,22784,27587
2023,3,202303,인천,1215716,1449598,32860,41542
2023,3,202303,광주,586695,601941,15001,17910
2023,3,202303,대전,583965,601953,15186,17948
2023,3,202303,울산,494585,502620,10888,13327
2023,3,202303,세종,172323,173749,3515,4220
2023,3,202303,경기,5263838,5347568,152649,188821
2023,3,202303,강원,646383,660675,21863,26511
2023,3,202303,충북,706767,725806,23029,27844
2023,3,202303,충남,929502,945224,32252,38883
2023,3,202303,전북,738992,755238,25125,30454
2023,3,202303,전남,735728,941441,27741,37842
2023,3,202303,경북,1136744,1152963,38035,45167
2023,3,202303,경남,1442811,1549139,39904,49145
2023,3,202303,제주,320771,586382,10518,17670
2023,4,202304,서울,2640951,2769310,75449,94420
2023,4,202304,부산,1153320,1273106,30241,37724
2023,4,202304,대구,1015862,1044880,22629,27444
2023,4,202304,인천,1219270,1453509,32613,41237
2023,4,202304,광주,587297,602459,14857,17772
2023,4,202304,대전,584717,602850,15071,17845
2023,4,202304,울산,495661,503807,10828,13277
2023,4,202304,세종,172708,174140,3489,4189
2023,4,202304,경기,5277717,5362466,151805,187993
2023,4,202304,강원,647153,661522,21633,26295
2023,4,202304,충북,707863,727118,22936,27758
2023,4,202304,충남,931859,947763,32051,38684
2023,4,202304,전북,740228,756357,24939,30254
2023,4,202304,전남,737332,941444,27562,37651
2023,4,202304,경북,1138809,1155158,37850,44971
2023,4,202304,경남,1445494,1551427,39586,48810
2023,4,202304,제주,321446,587635,10512,17732
2023,5,202305,서울,2641796,2769040,74989,93979
2023,5,202305,부산,1154423,1275043,30126,37644
2023,5,202305,대구,1016018,1045236,22530,27356
2023,5,202305,인천,1221233,1454603,32404,40914
2023,5,202305,광주,587625,602599,14772,17682
2023,5,202305,대전,585471,603745,15013,17788
2023,5,202305,울산,496472,504588,10799,13248
2023,5,202305,세종,172890,174326,3470,4180
2023,5,202305,경기,5288174,5373068,151006,187201
2023,5,202305,강원,648210,662707,21489,26167
2023,5,202305,충북,709838,728928,22750,27570
2023,5,202305,충남,933894,949679,31780,38410
2023,5,202305,전북,740809,756714,24679,29998
2023,5,202305,전남,738444,944809,27423,37611
2023,5,202305,경북,1140139,1156547,37635,44772
2023,5,202305,경남,1449155,1557120,39458,48674
2023,5,202305,제주,321951,588605,10457,17680
2023,6,202306,서울,2644667,2771665,74681,93648
2023,6,202306,부산,1156993,1277760,29964,37517
2023,6,202306,대구,1017908,1047353,22455,27288
2023,6,202306,인천,1225884,1463002,32252,40747
2023,6,202306,광주,588567,603459,14680,17589
2023,6,202306,대전,586699,605982,14949,17707
2023,6,202306,울산,497550,505669,10757,13206
2023,6,202306,세종,173287,174739,3459,4173
2023,6,202306,경기,5304419,5389325,150249,186632
2023,6,202306,충북,711153,730089,22666,27516
2023,6,202306,충남,936595,952292,31593,38239
2023,6,202306,전북,741997,757821,24524,29871
2023,6,202306,전남,740200,942572,27348,37410
2023,6,202306,경북,1141682,1158091,37488,44656
2023,6,202306,경남,1453761,1564107,39337,48543
2023,6,202306,제주,321826,588554,10412,17634
2023,6,202306,강원,649588,664051,21393,26108
2023,7,202307,서울,2646708,2772712,74341,93297
2023,7,202307,부산,1158420,1280006,29851,37402
2023,7,202307,대구,1027961,1057760,22746,27665
2023,7,202307,인천,1229789,1472581,32161,40604
2023,7,202307,광주,589299,604213,14619,17541
2023,7,202307,대전,587727,607867,14929,17722
2023,7,202307,울산,497971,506120,10722,13168
2023,7,202307,세종,173491,174932,3456,4178
2023,7,202307,경기,5314291,5398987,149546,185912
2023,7,202307,충북,712339,731155,22610,27470
2023,7,202307,충남,938738,954353,31477,38083
2023,7,202307,전북,743335,759011,24438,29797
2023,7,202307,전남,741321,937466,27288,37380
2023,7,202307,경북,1133747,1149987,36993,44109
2023,7,202307,경남,1456867,1568975,39201,48399
2023,7,202307,제주,322368,590074,10364,17573
2023,7,202307,강원,650765,665124,21338,26047
2023,8,202308,서울,2646750,2772092,73899,92720
2023,8,202308,부산,1159341,1281711,29714,37237
2023,8,202308,대구,1028356,1058309,22681,27608
2023,8,202308,인천,1233407,1473428,32078,40486
2023,8,202308,광주,589676,604617,14530,17462
2023,8,202308,대전,587449,608280,14765,17547
2023,8,202308,울산,498341,506537,10709,13151
2023,8,202308,세종,173478,174919,3424,4159
2023,8,202308,경기,5319693,5404539,148790,185145
2023,8,202308,충북,713229,732182,22549,27425
2023,8,202308,충남,940351,955997,31391,37986
2023,8,202308,전북,743492,759231,24308,29690
2023,8,202308,전남,742028,937865,27197,37223
2023,8,202308,경북,1134598,1150880,36867,43990
2023,8,202308,경남,1458364,1570930,39018,48214
2023,8,202308,제주,322631,590405,10317,17524
2023,8,202308,강원,651392,665762,21179,25900
2023,9,202309,서울,2649556,2774685,73512,92264
2023,9,202309,부산,1161402,1284691,29576,37105
2023,9,202309,대구,1029979,1060061,22600,27523
2023,9,202309,인천,1237331,1476109,31858,40186
2023,9,202309,광주,591000,605865,14468,17395
2023,9,202309,대전,588065,609800,14678,17466
2023,9,202309,울산,498946,507123,10671,13104
2023,9,202309,세종,173734,175185,3416,4162
2023,9,202309,경기,5331431,5416448,148224,184632
2023,9,202309,충북,714521,733826,22455,27331
2023,9,202309,충남,942710,958308,31304,37900
2023,9,202309,전북,744556,760328,24271,29644
2023,9,202309,전남,743166,940047,27083,37121
2023,9,202309,경북,1136064,1152298,36746,43840
2023,9,202309,경남,1460686,1573335,38865,48016
2023,9,202309,제주,323200,592273,10285,17483
2023,9,202309,강원,652530,666953,21049,25785
2023,10,202310,서울,2649600,2775115,73036,91742
2023,10,202310,부산,1163388,1287133,29484,37019
2023,10,202310,대구,1030380,1060353,22503,27434
2023,10,202310,인천,1240068,1476304,31661,39961
2023,10,202310,광주,591658,606494,14389,17312
2023,10,202310,대전,588434,610932,14591,17388
2023,10,202310,울산,499538,507688,10657,13081
2023,10,202310,세종,173956,175406,3391,4131
2023,10,202310,경기,5341003,5425805,147445,183847
2023,10,202310,충북,715191,734063,22361,27260
2023,10,202310,충남,944714,960225,31208,37786
2023,10,202310,전북,745113,760818,24230,29591
2023,10,202310,전남,743844,941672,27008,37074
2023,10,202310,경북,1136615,1152813,36639,43724
2023,10,202310,경남,1463802,1577326,38743,47906
2023,10,202310,제주,323839,593153,10262,17372
2023,10,202310,강원,653083,667494,20969,25700
2023,11,202311,서울,2651052,2775702,72616,91274
2023,11,202311,부산,1165687,1290007,29341,36832
2023,11,202311,대구,1032296,1062338,22418,27335
2023,11,202311,인천,1245086,1475439,31608,39857
2023,11,202311,광주,593082,607852,14361,17286
2023,11,202311,대전,589819,613525,14542,17337
2023,11,202311,울산,500575,508703,10568,13005
2023,11,202311,세종,174174,175616,3377,4128
2023,11,202311,경기,5356310,5444186,147013,183301
2023,11,202311,충북,716527,735629,22234,27150
2023,11,202311,충남,947366,962926,31120,37711
2023,11,202311,전북,746752,762418,24087,29427
2023,11,202311,전남,745730,944627,26949,36951
2023,11,202311,경북,1138496,1154629,36590,43676
2023,11,202311,경남,1467927,1583083,38639,47769
2023,11,202311,제주,324780,593670,10249,17293
2023,11,202311,강원,654084,668521,20858,25566
2023,12,202312,서울,2652134,2776116,72388,91067
2023,12,202312,부산,1167693,1292329,29252,36727
2023,12,202312,대구,1033550,1063558,22380,27334
2023,12,202312,인천,1249631,1479450,31564,39839
2023,12,202312,광주,593809,608506,14339,17261
2023,12,202312,대전,590452,615253,14513,17304
2023,12,202312,울산,500879,509101,10515,12957
2023,12,202312,세종,174359,175842,3364,4115
2023,12,202312,경기,5366150,5453454,146559,183055
2023,12,202312,충북,717131,736525,22185,27081
2023,12,202312,충남,949297,964793,31039,37621
2023,12,202312,전북,747567,763156,24039,29395
2023,12,202312,전남,746993,947466,26896,36861
2023,12,202312,경북,1139539,1155680,36498,43557
2023,12,202312,경남,1469869,1585602,38571,47684
2023,12,202312,제주,325588,594139,10237,17239
2023,12,202312,강원,654653,669232,20780,25477
2024,1,202401,서울,2653110,2776742,72085,90744
2024,1,202401,부산,1169380,1294599,29143,36638
2024,1,202401,대구,1034493,1064655,22328,27277
2024,1,202401,인천,1252764,1481533,31498,39817
2024,1,202401,광주,594894,609723,14315,17226
2024,1,202401,대전,591708,617649,14483,17276
2024,1,202401,울산,502113,510320,10507,12939
2024,1,202401,세종,174856,176339,3347,4096
2024,1,202401,경기,5378167,5465870,146076,182565
2024,1,202401,충북,718865,738233,22101,26988
2024,1,202401,충남,952650,968245,31038,37628
2024,1,202401,전남,749201,949208,26851,36648
2024,1,202401,경북,1142089,1158178,36438,43458
2024,1,202401,경남,1473098,1588786,38543,47646
2024,1,202401,제주,326019,594189,10213,17200
2024,1,202401,강원,655952,670486,20711,25410
2024,1,202401,전북,749229,764786,23998,29357
2024,2,202402,서울,2653703,2776324,71854,90529
2024,2,202402,부산,1170096,1295980,29050,36552
2024,2,202402,대구,1034742,1064873,22273,27215
2024,2,202402,인천,1255546,1483191,31456,39771
2024,2,202402,광주,595519,610325,14271,17170
2024,2,202402,대전,592136,618553,14488,17280
2024,2,202402,울산,502810,511024,10480,12921
2024,2,202402,세종,175327,176807,3346,4106
2024,2,202402,경기,5385129,5472699,145460,181920
2024,2,202402,충북,719897,739158,22059,26927
2024,2,202402,충남,955196,970793,31046,37612
2024,2,202402,전남,750671,950705,26807,36528
2024,2,202402,경북,1144126,1160195,36429,43460
2024,2,202402,경남,1475671,1592327,38527,47562
2024,2,202402,제주,326653,593940,10190,17164
2024,2,202402,강원,657028,671513,20660,25375
2024,2,202402,전북,750499,765931,23986,29339
2024,3,202403,서울,2653386,2775386,71231,89887
2024,3,202403,부산,1171982,1298840,28864,36365
2024,3,202403,대구,1034818,1065032,22188,27128
2024,3,202403,인천,1257959,1485670,31077,39367
2024,3,202403,광주,596730,611561,14262,17147
2024,3,202403,대전,592852,619871,14299,17093
2024,3,202403,울산,503399,511591,10443,12888
2024,3,202403,세종,175912,177344,3351,4106
2024,3,202403,경기,5398248,5485156,144539,180796
2024,3,202403,충북,721828,740934,21994,26864
2024,3,202403,충남,958627,974158,30977,37542
2024,3,202403,전남,752681,952599,26760,36396
2024,3,202403,경북,1146891,1162892,36322,43355
2024,3,202403,경남,1479099,1596663,38302,47348
2024,3,202403,제주,327401,595144,10139,17130
2024,3,202403,강원,657898,672367,20564,25271
2024,3,202403,전북,751873,767179,23894,29247
2024,4,202404,서울,2653557,2775054,70840,89501
2024,4,202404,부산,1173644,1301848,28674,36193
2024,4,202404,대구,1034088,1064335,22004,26916
2024,4,202404,인천,1259819,1487498,30801,39101
2024,4,202404,광주,596895,611625,14132,17026
2024,4,202404,대전,593326,620894,14142,16949
2024,4,202404,울산,504117,512277,10365,12832
2024,4,202404,세종,175988,177431,3330,4100
2024,4,202404,경기,5407192,5493588,143155,179394
2024,4,202404,충북,723198,742121,21875,26751
2024,4,202404,충남,961197,976741,30768,37307
2024,4,202404,전남,753866,955259,26575,36351
2024,4,202404,경북,1148249,1164267,36098,43123
2024,4,202404,경남,1480782,1598495,38029,47101
2024,4,202404,제주,327927,597153,10077,17093
2024,4,202404,강원,658664,673050,20441,25147
2024,4,202404,전북,752220,767456,23667,29010
2024,5,202405,서울,2654631,2775671,70385,89070
2024,5,202405,부산,1175654,1305252,28560,36057
2024,5,202405,대구,1034050,1064456,21852,26761
2024,5,202405,인천,1261557,1491331,30643,38988
2024,5,202405,광주,597643,612397,14007,16900
2024,5,202405,대전,594064,622293,14056,16868
2024,5,202405,울산,504793,512957,10360,12811
2024,5,202405,세종,176253,177706,3285,4085
2024,5,202405,경기,5417423,5503637,142191,178423
2024,5,202405,충북,724108,742867,21659,26554
2024,5,202405,충남,963478,978999,30559,37115
2024,5,202405,전남,754902,957483,26452,36280
2024,5,202405,경북,1149647,1165673,35911,42922
2024,5,202405,경남,1483363,1600724,37875,46938
2024,5,202405,제주,328117,597153,10022,17056
2024,5,202405,강원,659518,673914,20326,25034
2024,5,202405,전북,752997,768150,23536,28832
2024,6,202406,서울,2655368,2777421,69960,88620
2024,6,202406,부산,1177893,1308822,28445,35937
2024,6,202406,대구,1035333,1066135,21771,26703
2024,6,202406,인천,1264096,1492940,30558,38913
2024,6,202406,광주,598600,613422,13972,16867
2024,6,202406,대전,594827,624382,14015,16848
2024,6,202406,울산,505464,513646,10315,12765
2024,6,202406,세종,176499,178060,3258,4084
2024,6,202406,경기,5429841,5515985,141618,177858
2024,6,202406,충북,725466,744109,21585,26484
2024,6,202406,충남,965553,980919,30530,37096
2024,6,202406,전남,756342,959029,26346,36193
2024,6,202406,경북,1151401,1167496,35876,42862
2024,6,202406,경남,1486424,1604523,37762,46793
2024,6,202406,제주,328776,598788,9982,17024
2024,6,202406,강원,660515,674957,20277,24978
2024,6,202406,전북,754068,769138,23433,28749
2024,7,202407,서울,2654961,2776926,69262,87858
2024,7,202407,부산,1179091,1311529,28378,35875
2024,7,202407,대구,1035150,1066238,21714,26646
2024,7,202407,인천,1266681,1494571,30470,38795
2024,7,202407,광주,599209,614001,13924,16823
2024,7,202407,대전,595066,625111,13954,16784
2024,7,202407,울산,506200,514411,10291,12719
2024,7,202407,세종,176829,178383,3243,4080
2024,7,202407,경기,5440456,5526414,140989,177291
2024,7,202407,충북,726665,745194,21552,26475
2024,7,202407,충남,967426,982784,30356,36954
2024,7,202407,전남,757903,961328,26245,36067
2024,7,202407,경북,1152984,1169207,35789,42816
2024,7,202407,경남,1489406,1608346,37607,46613
2024,7,202407,제주,329224,600089,9939,16977
2024,7,202407,강원,661429,675855,20161,24880
2024,7,202407,전북,754947,770032,23374,28695
2024,8,202408,서울,2653548,2775503,68798,87386
2024,8,202408,부산,1179982,1313934,28269,35786
2024,8,202408,대구,1034714,1065883,21659,26586
2024,8,202408,인천,1266080,1493827,30170,38557
2024,8,202408,광주,599244,614050,13869,16771
2024,8,202408,대전,595185,625677,13870,16712
2024,8,202408,울산,506585,514837,10276,12719
2024,8,202408,세종,177118,178662,3236,4125
2024,8,202408,경기,5445206,5531139,140396,176749
2024,8,202408,충북,727271,745654,21503,26434
2024,8,202408,충남,968907,984105,30225,36805
2024,8,202408,전남,758808,962807,26186,35835
2024,8,202408,경북,1153719,1169952,35718,42752
2024,8,202408,경남,1490976,1610758,37434,46443
2024,8,202408,제주,329960,599924,9939,16944
2024,8,202408,강원,661891,676179,20084,24802
2024,8,202408,전북,755428,770440,23298,28601
2024,9,202409,서울,2654744,2776237,68326,86874
2024,9,202409,부산,1182311,1318022,28192,35716
2024,9,202409,대구,1035028,1066352,21578,26506
2024,9,202409,인천,1268112,1495534,30056,38499
2024,9,202409,광주,599995,614753,13842,16749
2024,9,202409,대전,595620,626617,13836,16689
2024,9,202409,울산,507316,515536,10268,12703
2024,9,202409,세종,177396,178934,3232,4123
2024,9,202409,경기,5454320,5540242,139810,176243
2024,9,202409,충북,728256,746524,21400,26337
2024,9,202409,충남,971061,986343,30172,36745
2024,9,202409,전남,760083,966707,26097,35747
2024,9,202409,경북,1155128,1171395,35582,42635
2024,9,202409,경남,1493519,1614478,37344,46311
2024,9,202409,제주,330633,600874,9902,16887
2024,9,202409,강원,662710,677038,20029,24726
2024,9,202409,전북,756346,771256,23197,28484
2024,10,202410,서울,2654588,2773641,67859,86305
2024,10,202410,부산,1183768,1320722,28105,35652
2024,10,202410,대구,1035579,1067047,21519,26468
2024,10,202410,인천,1270165,1498956,30035,38617
2024,10,202410,광주,600510,615299,13762,16659
2024,10,202410,대전,596293,627964,13789,16653
2024,10,202410,울산,507932,516238,10222,12658
2024,10,202410,세종,177772,179317,3225,4125
2024,10,202410,경기,5465750,5551623,139102,175498
2024,10,202410,충북,729562,747771,21317,26254
2024,10,202410,충남,972753,988205,30087,36657
2024,10,202410,전남,760975,970165,26010,35551
2024,10,202410,경북,1156265,1172566,35463,42513
2024,10,202410,경남,1496309,1618659,37223,46189
2024,10,202410,제주,331150,602006,9888,16827
2024,10,202410,강원,663557,677797,19952,24649
2024,10,202410,전북,757233,772157,23143,28437
2024,11,202411,서울,2656050,2774447,67447,85922
2024,11,202411,부산,1185961,1324010,27983,35520
2024,11,202411,대구,1037901,1069378,21494,26436
2024,11,202411,인천,1273129,1501156,29986,38601
2024,11,202411,광주,601551,616312,13702,16602
2024,11,202411,대전,597833,629899,13737,16609
2024,11,202411,울산,508757,516998,10214,12648
2024,11,202411,세종,178169,179717,3196,4106
2024,11,202411,경기,5481348,5567267,138582,175052
2024,11,202411,충북,731350,749336,21296,26237
2024,11,202411,충남,975097,990478,30022,36603
2024,11,202411,전남,762440,972725,25988,35454
2024,11,202411,경북,1158156,1174328,35384,42409
2024,11,202411,경남,1499077,1622805,37113,46066
2024,11,202411,제주,331996,603802,9898,16809
2024,11,202411,강원,664153,678357,19839,24543
2024,11,202411,전북,758472,773339,23062,28360
2024,12,202412,서울,2656854,2774805,67085,85529
2024,12,202412,부산,1187450,1327272,27926,35466
2024,12,202412,대구,1038535,1070086,21425,26349
2024,12,202412,인천,1275199,1498923,29862,38445
2024,12,202412,광주,602377,617066,13686,16576
2024,12,202412,대전,598635,630565,13691,16561
2024,12,202412,울산,509223,517478,10163,12600
2024,12,202412,세종,178405,179987,3175,4057
2024,12,202412,경기,5491399,5580880,138056,174726
2024,12,202412,충북,732330,750085,21237,26168
2024,12,202412,충남,976225,991539,29943,36521
2024,12,202412,전남,763663,975280,25879,35342
2024,12,202412,경북,1158525,1174646,35314,42345
2024,12,202412,경남,1500900,1625378,36988,45917
2024,12,202412,제주,332173,604307,9887,16811
2024,12,202412,강원,664774,678904,19757,24439
2024,12,202412,전북,759099,773919,23031,28314
2025,1,202501,서울,2657562,2775365,66864,85229
2025,1,202501,부산,1189066,1334841,27793,35424
2025,1,202501,대구,1038775,1070254,21380,26305
2025,1,202501,인천,1276498,1499580,29702,38258
2025,1,202501,광주,602692,617539,13664,16564
2025,1,202501,대전,599450,632052,13667,16519
2025,1,202501,울산,510100,518390,10139,12587
2025,1,202501,세종,178721,180343,3149,4036
2025,1,202501,경기,5498720,5588729,137664,174303
2025,1,202501,충북,733544,751146,21216,26151
2025,1,202501,충남,978192,993693,29892,36463
2025,1,202501,전남,765215,978060,25840,35204
2025,1,202501,경북,1160163,1176368,35256,42241
2025,1,202501,경남,1503662,1628515,36919,45853
2025,1,202501,제주,332204,599580,9859,16682
2025,1,202501,강원,665741,679950,19699,24392
2025,1,202501,전북,760237,775043,23002,28298
2025,2,202502,서울,2657382,2773986,66458,84776
2025,2,202502,부산,1189595,1335929,27597,35198
2025,2,202502,대구,1037859,1069482,21274,26206
2025,2,202502,인천,1276606,1499852,29572,38106
2025,2,202502,광주,602373,617181,13571,16477
2025,2,202502,대전,599571,632411,13612,16427
2025,2,202502,울산,510204,518443,10089,12558
2025,2,202502,세종,179376,180984,3143,4028
2025,2,202502,경기,5502908,5592675,136921,173631
2025,2,202502,충북,734511,752032,21074,26001
2025,2,202502,충남,979829,995393,29804,36324
2025,2,202502,전남,767285,981120,25758,35059
2025,2,202502,경북,1161714,1177892,35233,42193
2025,2,202502,경남,1505897,1631714,36754,45655
2025,2,202502,제주,331877,599547,9812,16590
2025,2,202502,강원,666237,680432,19603,24273
2025,2,202502,전북,761140,775867,22907,28197
2025,3,202503,서울,2657700,2774761,65924,84193
2025,3,202503,부산,1191040,1338361,27378,34982
2025,3,202503,대구,1037469,1069536,21153,26087
2025,3,202503,인천,1277698,1501933,29456,37993
2025,3,202503,광주,602373,617089,13473,16372
2025,3,202503,대전,599658,632752,13441,16245
2025,3,202503,울산,510316,518535,10028,12518
2025,3,202503,세종,179552,181140,3136,4017
2025,3,202503,경기,5509899,5599177,136068,172707
2025,3,202503,충북,735749,753138,20952,25885
2025,3,202503,충남,981819,997489,29615,36117
2025,3,202503,전남,769067,984246,25617,34875
2025,3,202503,경북,1163261,1179303,35085,42041
2025,3,202503,경남,1508048,1632561,36402,45279
2025,3,202503,제주,331113,600794,9734,16520
2025,3,202503,강원,666742,680842,19433,24092
2025,3,202503,전북,761802,776322,22793,28085
2025,4,202504,서울,2657685,2774168,65451,83714
2025,4,202504,부산,1192674,1340471,27191,34797
2025,4,202504,대구,1035937,1068299,20973,25900
2025,4,202504,인천,1277524,1503198,29031,37592
2025,4,202504,광주,602243,616809,13308,16201
2025,4,202504,대전,599957,633771,13294,16105
2025,4,202504,울산,510841,519031,9969,12460
2025,4,202504,세종,179632,181204,3100,3980
2025,4,202504,경기,5514345,5603287,134415,170979
2025,4,202504,충북,736345,753496,20750,25690
2025,4,202504,충남,982867,998531,29301,35793
2025,4,202504,전남,770408,988410,25486,34785
2025,4,202504,경북,1163933,1179904,34857,41799
2025,4,202504,경남,1509708,1635374,36133,45028
2025,4,202504,제주,330819,602038,9643,16483
2025,4,202504,강원,667347,681375,19329,23998
2025,4,202504,전북,762056,776477,22553,27830
2025,5,202505,서울,2657686,2773311,65046,83316
2025,5,202505,부산,1194743,1342750,27056,34651
2025,5,202505,대구,1035788,1068374,20896,25807
2025,5,202505,인천,1279335,1503222,28870,37385
2025,5,202505,광주,602737,617224,13247,16147
2025,5,202505,대전,600803,635571,13250,16080
2025,5,202505,울산,511059,519244,9911,12430
2025,5,202505,세종,179998,181571,3069,3945
2025,5,202505,경기,5521515,5613156,133376,170012
2025,5,202505,충북,737449,753506,20648,25594
2025,5,202505,충남,984311,999996,29103,35601
2025,5,202505,전남,771737,992185,25366,34718
2025,5,202505,경북,1164813,1180733,34740,41702
2025,5,202505,경남,1511899,1639475,35985,44913
2025,5,202505,제주,331105,603698,9582,16438
2025,5,202505,강원,667805,681893,19261,23933
2025,5,202505,전북,762206,776541,22413,27681
2025,6,202506,서울,2658772,2774627,64561,82865
2025,6,202506,부산,1196465,1343920,26916,34531
2025,6,202506,대구,1035739,1068159,20773,25691
2025,6,202506,인천,1281587,1508780,28767,37306
2025,6,202506,광주,603422,617847,13184,16086
2025,6,202506,대전,601802,636730,13203,16010
2025,6,202506,울산,511765,519913,9879,12389
2025,6,202506,세종,179951,181689,3046,3939
2025,6,202506,경기,5530840,5623220,132785,169422
2025,6,202506,충북,738394,752996,20577,25520
2025,6,202506,충남,985642,1001418,28993,35499
2025,6,202506,전남,772959,995500,25286,34711
2025,6,202506,경북,1165840,1181663,34682,41630
2025,6,202506,경남,1513527,1641779,35825,44714
2025,6,202506,제주,331296,606361,9556,16431
2025,6,202506,강원,668344,682229,19148,23819
2025,6,202506,전북,762944,777029,22318,27564
2025,7,202507,서울,2657829,2773024,64208,82525
2025,7,202507,부산,1198066,1346004,26812,34433
2025,7,202507,대구,1035089,1068087,20700,25633
2025,7,202507,인천,1281906,1509387,28651,37172
2025,7,202507,광주,603076,617533,13124,16015
2025,7,202507,대전,602354,637881,13178,15983
2025,7,202507,울산,512122,520228,9842,12355
2025,7,202507,세종,180165,182223,3015,3901
2025,7,202507,경기,5535585,5627233,131899,168561
2025,7,202507,충북,739587,753928,20490,25436
2025,7,202507,충남,987287,1003132,28863,35379
2025,7,202507,전남,774201,997660,25122,34551
2025,7,202507,경북,1167091,1182861,34535,41493
2025,7,202507,경남,1514603,1646693,35629,44527
2025,7,202507,제주,331366,607763,9489,16371
2025,7,202507,강원,669216,683139,19038,23678
2025,7,202507,전북,763589,776887,22232,27494
2025,8,202508,서울,2657407,2772133,63943,82256
2025,8,202508,부산,1199533,1347597,26707,34328
2025,8,202508,대구,1034545,1068375,20580,25500
2025,8,202508,인천,1281664,1509595,28365,36864
2025,8,202508,광주,603059,617495,13069,15957
2025,8,202508,대전,602477,638633,13137,15946
2025,8,202508,울산,512309,520447,9823,12338
2025,8,202508,세종,180297,182677,2997,3872
2025,8,202508,경기,5538026,5629483,131111,167871
2025,8,202508,충북,740365,754579,20398,25330
2025,8,202508,충남,988701,1004612,28733,35246
2025,8,202508,전남,774630,998554,25050,34383
2025,8,202508,경북,1167737,1183490,34413,41369
2025,8,202508,경남,1515292,1649890,35474,44359
2025,8,202508,제주,331760,608248,9435,16313
2025,8,202508,강원,669539,683231,18954,23587
2025,8,202508,전북,763686,776977,22186,27437
2025,9,202509,서울,2657102,2771577,63409,81652
2025,9,202509,부산,1203065,1350729,26586,34187
2025,9,202509,대구,1032475,1066954,20503,25374
2025,9,202509,인천,1282896,1512287,28228,36760
2025,9,202509,광주,603821,618157,13026,15912
2025,9,202509,대전,602950,639682,13052,15855
2025,9,202509,울산,512687,520811,9789,12290
2025,9,202509,세종,180290,183086,2995,3874
2025,9,202509,경기,5543070,5634955,130337,167064
2025,9,202509,충북,741320,755394,20272,25202
2025,9,202509,충남,989884,1005847,28583,35149
2025,9,202509,전남,775582,1001015,24964,34215
2025,9,202509,경북,1168946,1184767,34326,41337
2025,9,202509,경남,1517740,1655229,35312,44181
2025,9,202509,제주,332808,609046,9440,16337
2025,9,202509,강원,670397,684004,18852,23516
2025,9,202509,전북,763652,776886,22086,27310
2025,10,202510,서울,2655606,2769593,62962,81239
2025,10,202510,부산,1200675,1348284,26449,34058
2025,10,202510,대구,1033381,1068501,20410,25286
2025,10,202510,인천,1285190,1514170,28129,36693
2025,10,202510,광주,603360,617778,12977,15859
2025,10,202510,대전,602919,640215,12984,15780
2025,10,202510,울산,512964,521202,9768,12280
2025,10,202510,세종,180490,183509,2983,3869
2025,10,202510,경기,5543338,5637413,129634,166428
2025,10,202510,충북,741840,755837,20237,25170
2025,10,202510,충남,990430,1006457,28475,35047
2025,10,202510,전남,776310,1002700,24918,34160
2025,10,202510,경북,1169419,1185247,34262,41297
2025,10,202510,경남,1518863,1656636,35172,44016
2025,10,202510,제주,333509,609451,9419,16285
2025,10,202510,강원,670818,684393,18761,23431
2025,10,202510,전북,764151,777407,21964,27197
2025,11,202511,서울,2656694,2769940,62590,80844
2025,11,202511,부산,1202058,1349380,26346,33935
2025,11,202511,대구,1034017,1069917,20354,25227
2025,11,202511,인천,1285826,1513948,28019,36591
2025,11,202511,광주,603685,618050,12948,15830
2025,11,202511,대전,603479,641105,12914,15716
2025,11,202511,울산,513495,521683,9727,12245
2025,11,202511,세종,180580,183776,2967,3861
2025,11,202511,경기,5553570,5650346,129052,165893
2025,11,202511,충북,742743,756691,20150,25072
2025,11,202511,충남,992062,1008131,28351,34918
2025,11,202511,전남,777690,1006110,24886,34091
2025,11,202511,경북,1170593,1186301,34184,41216
2025,11,202511,경남,1519869,1656936,34999,43840
2025,11,202511,제주,334408,614083,9401,16292
2025,11,202511,강원,671423,684912,18721,23389
2025,11,202511,전북,764552,777726,21882,27096
2025,12,202512,서울,2656261,2769086,62231,80454
2025,12,202512,부산,1203900,1350143,26234,33784
2025,12,202512,대구,1035084,1072021,20294,25138
2025,12,202512,인천,1287936,1512449,27865,36352
2025,12,202512,광주,603770,618057,12913,15786
2025,12,202512,대전,603898,641468,12837,15635
2025,12,202512,울산,513681,521879,9658,12180
2025,12,202512,세종,180173,183429,2938,3822
2025,12,202512,경기,5566770,5664063,128463,165357
2025,12,202512,충북,744571,758440,20127,25039
2025,12,202512,충남,993294,1009563,28228,34787
2025,12,202512,전남,778991,1013830,24826,34071
2025,12,202512,경북,1170829,1186501,34120,41127
2025,12,202512,경남,1521201,1659131,34866,43682
2025,12,202512,제주,334698,614691,9382,16270
2025,12,202512,강원,671963,685503,18668,23289
2025,12,202512,전북,765150,778349,21840,27051
