year,month,yyyymm,model_year,passenger,van
2018,01,201801,1998,527558,61141
2018,01,201801,1999,103833,20581
2018,01,201801,2000,190989,49730
2018,01,201801,2001,325813,12389
2018,01,201801,2002,578304,18379
2018,01,201801,2003,471827,13975
2018,01,201801,2004,540168,18907
2018,01,201801,2005,676479,26875
2018,01,201801,2006,710362,39913
2018,01,201801,2007,904926,29775
2018,01,201801,2008,869273,39404
2018,01,201801,2009,823551,32999
2018,01,201801,2010,1143979,48482
2018,01,201801,2011,1177262,54136
2018,01,201801,2012,1322818,46616
2018,01,201801,2013,999667,45309
2018,01,201801,2014,1192156,44770
2018,01,201801,2015,1250050,42586
2018,01,201801,2016,1559986,28958
2018,01,201801,2017,1146636,30058
2018,01,201801,2018,667536,14118
2018,02,201802,1998,522018,60747
2018,02,201802,1999,101138,20070
2018,02,201802,2000,185989,48394
2018,02,201802,2001,318309,12102
2018,02,201802,2002,566017,18025
2018,02,201802,2003,464136,13700
2018,02,201802,2004,533136,18557
2018,02,201802,2005,671137,26502
2018,02,201802,2006,706923,39655
2018,02,201802,2007,902381,29770
2018,02,201802,2008,867626,39275
2018,02,201802,2009,822626,32944
2018,02,201802,2010,1143239,48420
2018,02,201802,2011,1177068,54102
2018,02,201802,2012,1322783,46591
2018,02,201802,2013,1000316,45304
2018,02,201802,2014,1194044,44830
2018,02,201802,2015,1253000,42673
2018,02,201802,2016,1560522,28940
2018,02,201802,2017,1150659,30097
2018,02,201802,2018,750564,15885
2018,03,201803,1998,515289,60238
2018,03,201803,1999,98153,19498
2018,03,201803,2000,180354,46876
2018,03,201803,2001,309485,11758
2018,03,201803,2002,551922,17553
2018,03,201803,2003,455408,13340
2018,03,201803,2004,524963,18175
2018,03,201803,2005,664879,26088
2018,03,201803,2006,702684,39355
2018,03,201803,2007,899478,29814
2018,03,201803,2008,865722,39158
2018,03,201803,2009,821654,32875
2018,03,201803,2010,1142566,48389
2018,03,201803,2011,1177088,54077
2018,03,201803,2012,1323075,46570
2018,03,201803,2013,1001198,45318
2018,03,201803,2014,1196276,44884
2018,03,201803,2015,1256681,42795
2018,03,201803,2016,1561244,28893
2018,03,201803,2017,1154303,30120
2018,03,201803,2018,860717,17939
2018,04,201804,1998,509296,59859
2018,04,201804,1999,95400,19016
2018,04,201804,2000,175204,45596
2018,04,201804,2001,301985,11443
2018,04,201804,2002,539748,17156
2018,04,201804,2003,447676,13060
2018,04,201804,2004,517877,17871
2018,04,201804,2005,658952,25724
2018,04,201804,2006,698499,39089
2018,04,201804,2007,896436,29876
2018,04,201804,2008,863833,38981
2018,04,201804,2009,820582,32822
2018,04,201804,2010,1142003,48349
2018,04,201804,2011,1177074,54027
2018,04,201804,2012,1323234,46496
2018,04,201804,2013,1002131,45277
2018,04,201804,2014,1198289,44907
2018,04,201804,2015,1260549,42892
2018,04,201804,2016,1562358,28841
2018,04,201804,2017,1156582,30176
2018,04,201804,2018,969199,20112
2018,05,201805,1998,503243,59486
2018,05,201805,1999,92610,18548
2018,05,201805,2000,169853,44372
2018,05,201805,2001,294432,11180
2018,05,201805,2002,527861,16804
2018,05,201805,2003,439981,12792
2018,05,201805,2004,510635,17584
2018,05,201805,2005,652743,25418
2018,05,201805,2006,693938,38809
2018,05,201805,2007,892832,29839
2018,05,201805,2008,861557,38860
2018,05,201805,2009,819309,32818
2018,05,201805,2010,1141164,48298
2018,05,201805,2011,1176941,53988
2018,05,201805,2012,1323253,46454
2018,05,201805,2013,1002918,45264
2018,05,201805,2014,1199987,44914
2018,05,201805,2015,1263906,42923
2018,05,201805,2016,1563524,28827
2018,05,201805,2017,1158173,30181
2018,05,201805,2018,1073665,21595
2018,06,201806,1998,497525,59130
2018,06,201806,1999,90009,18160
2018,06,201806,2000,164952,43255
2018,06,201806,2001,287674,10887
2018,06,201806,2002,516842,16446
2018,06,201806,2003,432705,12529
2018,06,201806,2004,503779,17316
2018,06,201806,2005,646752,25086
2018,06,201806,2006,689562,38561
2018,06,201806,2007,889433,29799
2018,06,201806,2008,859338,38728
2018,06,201806,2009,818038,32774
2018,06,201806,2010,1140346,48270
2018,06,201806,2011,1176725,53959
2018,06,201806,2012,1323329,46414
2018,06,201806,2013,1003528,45244
2018,06,201806,2014,1201473,44875
2018,06,201806,2015,1266739,43000
2018,06,201806,2016,1564961,28904
2018,06,201806,2017,1159130,30219
2018,06,201806,2018,1178482,23632
2018,07,201807,1998,491551,58740
2018,07,201807,1999,87177,17744
2018,07,201807,2000,159758,42149
2018,07,201807,2001,280271,10598
2018,07,201807,2002,505259,16035
2018,07,201807,2003,424811,12194
2018,07,201807,2004,496506,16977
2018,07,201807,2005,639896,24714
2018,07,201807,2006,684481,38233
2018,07,201807,2007,885365,29758
2018,07,201807,2008,856634,38568
2018,07,201807,2009,816484,32732
2018,07,201807,2010,1139298,48209
2018,07,201807,2011,1176252,53917
2018,07,201807,2012,1323325,46383
2018,07,201807,2013,1003936,45215
2018,07,201807,2014,1202918,44847
2018,07,201807,2015,1270224,43075
2018,07,201807,2016,1566733,29005
2018,07,201807,2017,1159906,30250
2018,07,201807,2018,1284717,26294
2018,08,201808,1998,485817,58410
2018,08,201808,1999,84456,17307
2018,08,201808,2000,154809,40991
2018,08,201808,2001,273147,10369
2018,08,201808,2002,494048,15693
2018,08,201808,2003,417115,11970
2018,08,201808,2004,489163,16753
2018,08,201808,2005,633093,24390
2018,08,201808,2006,679392,37912
2018,08,201808,2007,881047,29683
2018,08,201808,2008,853778,38426
2018,08,201808,2009,814715,32692
2018,08,201808,2010,1138067,48170
2018,08,201808,2011,1175673,53888
2018,08,201808,2012,1323235,46365
2018,08,201808,2013,1004201,45188
2018,08,201808,2014,1204038,44851
2018,08,201808,2015,1273390,43175
2018,08,201808,2016,1569099,29137
2018,08,201808,2017,1160746,30248
2018,08,201808,2018,1385547,27729
2018,09,201809,1998,481592,58150
2018,09,201809,1999,82428,16954
2018,09,201809,2000,150993,40104
2018,09,201809,2001,267496,10142
2018,09,201809,2002,485418,15381
2018,09,201809,2003,411343,11712
2018,09,201809,2004,483599,16520
2018,09,201809,2005,627598,24105
2018,09,201809,2006,675371,37651
2018,09,201809,2007,877585,29645
2018,09,201809,2008,851545,38320
2018,09,201809,2009,813294,32674
2018,09,201809,2010,1137000,48098
2018,09,201809,2011,1175150,53848
2018,09,201809,2012,1323149,46345
2018,09,201809,2013,1004366,45165
2018,09,201809,2014,1204830,44850
2018,09,201809,2015,1275650,43247
2018,09,201809,2016,1571157,29262
2018,09,201809,2017,1161191,30257
2018,09,201809,2018,1474966,29994
2018,10,201810,1998,476097,57731
2018,10,201810,1999,79854,16478
2018,10,201810,2000,146069,38906
2018,10,201810,2001,259835,9792
2018,10,201810,2002,473575,14942
2018,10,201810,2003,403090,11383
2018,10,201810,2004,475839,16207
2018,10,201810,2005,620074,23662
2018,10,201810,2006,670018,37284
2018,10,201810,2007,872998,29533
2018,10,201810,2008,848387,38104
2018,10,201810,2009,811354,32614
2018,10,201810,2010,1135534,48027
2018,10,201810,2011,1174281,53818
2018,10,201810,2012,1322923,46284
2018,10,201810,2013,1004593,45133
2018,10,201810,2014,1205887,44828
2018,10,201810,2015,1278706,43306
2018,10,201810,2016,1574686,29497
2018,10,201810,2017,1161889,30248
2018,10,201810,2018,1582065,32544
2018,11,201811,1998,471380,57372
2018,11,201811,1999,77465,16059
2018,11,201811,2000,142011,37808
2018,11,201811,2001,253244,9501
2018,11,201811,2002,463013,14531
2018,11,201811,2003,395776,11050
2018,11,201811,2004,468794,15919
2018,11,201811,2005,612854,23287
2018,11,201811,2006,664744,36944
2018,11,201811,2007,868411,29403
2018,11,201811,2008,845229,37914
2018,11,201811,2009,809248,32535
2018,11,201811,2010,1133963,47961
2018,11,201811,2011,1173473,53775
2018,11,201811,2012,1322692,46219
2018,11,201811,2013,1004780,45068
2018,11,201811,2014,1206855,44790
2018,11,201811,2015,1281690,43354
2018,11,201811,2016,1578257,29594
2018,11,201811,2017,1162439,30196
2018,11,201811,2018,1692700,35354
2018,12,201812,1998,466116,57047
2018,12,201812,1999,75176,15724
2018,12,201812,2000,137896,36875
2018,12,201812,2001,246971,9241
2018,12,201812,2002,453711,14217
2018,12,201812,2003,388948,10822
2018,12,201812,2004,462246,15718
2018,12,201812,2005,605922,23019
2018,12,201812,2006,659319,36684
2018,12,201812,2007,863341,29312
2018,12,201812,2008,841493,37828
2018,12,201812,2009,806754,32460
2018,12,201812,2010,1132083,47900
2018,12,201812,2011,1172431,53724
2018,12,201812,2012,1322426,46159
2018,12,201812,2013,1004937,45013
2018,12,201812,2014,1207779,44758
2018,12,201812,2015,1284340,43354
2018,12,201812,2016,1581420,29699
2018,12,201812,2017,1162838,30219
2018,12,201812,2018,1787041,37125
2019,01,201901,1999,534728,72153
2019,01,201901,2000,134043,35955
2019,01,201901,2001,241038,8994
2019,01,201901,2002,444947,13904
2019,01,201901,2003,381970,10586
2019,01,201901,2004,455740,15506
2019,01,201901,2005,598869,22746
2019,01,201901,2006,653764,36395
2019,01,201901,2007,857976,29190
2019,01,201901,2008,837563,37747
2019,01,201901,2009,804208,32389
2019,01,201901,2010,1130124,47856
2019,01,201901,2011,1171324,53666
2019,01,201901,2012,1321931,46088
2019,01,201901,2013,1005195,44946
2019,01,201901,2014,1208805,44762
2019,01,201901,2015,1287462,43384
2019,01,201901,2016,1585689,29828
2019,01,201901,2017,1163388,30169
2019,01,201901,2018,1300299,22222
2019,01,201901,2019,599085,17801
2019,02,201902,1999,529375,71638
2019,02,201902,2000,130927,35117
2019,02,201902,2001,235151,8731
2019,02,201902,2002,435193,13567
2019,02,201902,2003,373760,10284
2019,02,201902,2004,448026,15078
2019,02,201902,2005,590910,22224
2019,02,201902,2006,647605,35934
2019,02,201902,2007,852967,28967
2019,02,201902,2008,833962,37660
2019,02,201902,2009,801717,32325
2019,02,201902,2010,1128143,47794
2019,02,201902,2011,1170258,53593
2019,02,201902,2012,1321505,46010
2019,02,201902,2013,1005336,44899
2019,02,201902,2014,1209376,44727
2019,02,201902,2015,1289382,43401
2019,02,201902,2016,1588682,29883
2019,02,201902,2017,1163983,30154
2019,02,201902,2018,1307293,22279
2019,02,201902,2019,672555,19564
2019,03,201903,1999,523202,70807
2019,03,201903,2000,127248,33946
2019,03,201903,2001,227272,8377
2019,03,201903,2002,421990,13040
2019,03,201903,2003,362457,9826
2019,03,201903,2004,437628,14563
2019,03,201903,2005,580369,21455
2019,03,201903,2006,640234,35147
2019,03,201903,2007,847191,28635
2019,03,201903,2008,830009,37495
2019,03,201903,2009,799055,32241
2019,03,201903,2010,1125906,47710
2019,03,201903,2011,1169062,53549
2019,03,201903,2012,1321052,45943
2019,03,201903,2013,1005769,44841
2019,03,201903,2014,1210358,44704
2019,03,201903,2015,1292328,43425
2019,03,201903,2016,1592875,29985
2019,03,201903,2017,1164688,30169
2019,03,201903,2018,1311272,22385
2019,03,201903,2019,769167,21987
2019,04,201904,1999,516956,69947
2019,04,201904,2000,123644,32707
2019,04,201904,2001,219357,8024
2019,04,201904,2002,408418,12500
2019,04,201904,2003,351416,9407
2019,04,201904,2004,427250,14055
2019,04,201904,2005,570189,20732
2019,04,201904,2006,632444,34299
2019,04,201904,2007,841276,28164
2019,04,201904,2008,825777,37272
2019,04,201904,2009,796478,32128
2019,04,201904,2010,1123748,47588
2019,04,201904,2011,1167859,53445
2019,04,201904,2012,1320484,45888
2019,04,201904,2013,1005989,44759
2019,04,201904,2014,1211375,44668
2019,04,201904,2015,1295727,43418
2019,04,201904,2016,1597938,30081
2019,04,201904,2017,1165517,30122
2019,04,201904,2018,1313928,22482
2019,04,201904,2019,869135,24284
2019,05,201905,1999,510909,69275
2019,05,201905,2000,120180,31787
2019,05,201905,2001,212667,7832
2019,05,201905,2002,397456,12162
2019,05,201905,2003,342612,9129
2019,05,201905,2004,418663,13707
2019,05,201905,2005,561736,20230
2019,05,201905,2006,625647,33714
2019,05,201905,2007,835709,27813
2019,05,201905,2008,821853,37021
2019,05,201905,2009,794163,31946
2019,05,201905,2010,1121671,47456
2019,05,201905,2011,1166747,53312
2019,05,201905,2012,1319889,45804
2019,05,201905,2013,1006053,44694
2019,05,201905,2014,1212032,44621
2019,05,201905,2015,1298865,43391
2019,05,201905,2016,1602256,30159
2019,05,201905,2017,1166359,30109
2019,05,201905,2018,1315754,22541
2019,05,201905,2019,968843,25774
2019,06,201906,1999,505670,68799
2019,06,201906,2000,117336,31077
2019,06,201906,2001,207479,7672
2019,06,201906,2002,389307,11942
2019,06,201906,2003,336067,8952
2019,06,201906,2004,412073,13482
2019,06,201906,2005,555093,19907
2019,06,201906,2006,620199,33288
2019,06,201906,2007,830819,27612
2019,06,201906,2008,818303,36814
2019,06,201906,2009,791972,31817
2019,06,201906,2010,1119799,47343
2019,06,201906,2011,1165704,53197
2019,06,201906,2012,1319142,45719
2019,06,201906,2013,1006092,44627
2019,06,201906,2014,1212411,44592
2019,06,201906,2015,1300752,43380
2019,06,201906,2016,1606250,30238
2019,06,201906,2017,1167350,30056
2019,06,201906,2018,1316948,22578
2019,06,201906,2019,1058933,27073
2019,07,201907,1999,500198,68316
2019,07,201907,2000,114166,30294
2019,07,201907,2001,202105,7509
2019,07,201907,2002,381019,11675
2019,07,201907,2003,329300,8764
2019,07,201907,2004,404962,13232
2019,07,201907,2005,547661,19603
2019,07,201907,2006,614015,32885
2019,07,201907,2007,825046,27409
2019,07,201907,2008,813938,36545
2019,07,201907,2009,789277,31743
2019,07,201907,2010,1117547,47222
2019,07,201907,2011,1164250,53043
2019,07,201907,2012,1318338,45617
2019,07,201907,2013,1006176,44553
2019,07,201907,2014,1212686,44540
2019,07,201907,2015,1302994,43329
2019,07,201907,2016,1610861,30334
2019,07,201907,2017,1168735,30116
2019,07,201907,2018,1317883,22613
2019,07,201907,2019,1159417,28493
2019,08,201908,1999,495091,67841
2019,08,201908,2000,111207,29605
2019,08,201908,2001,197003,7356
2019,08,201908,2002,372982,11477
2019,08,201908,2003,323114,8593
2019,08,201908,2004,398125,13036
2019,08,201908,2005,540413,19301
2019,08,201908,2006,607649,32504
2019,08,201908,2007,819549,27201
2019,08,201908,2008,809672,36321
2019,08,201908,2009,786621,31664
2019,08,201908,2010,1115352,47129
2019,08,201908,2011,1162899,52934
2019,08,201908,2012,1317460,45525
2019,08,201908,2013,1006024,44480
2019,08,201908,2014,1212756,44459
2019,08,201908,2015,1304327,43264
2019,08,201908,2016,1614190,30364
2019,08,201908,2017,1170207,30162
2019,08,201908,2018,1318480,22630
2019,08,201908,2019,1251855,29646
2019,09,201909,1999,490402,67308
2019,09,201909,2000,108398,28865
2019,09,201909,2001,191846,7200
2019,09,201909,2002,363863,11218
2019,09,201909,2003,315531,8393
2019,09,201909,2004,389585,12699
2019,09,201909,2005,531725,18789
2019,09,201909,2006,600195,31801
2019,09,201909,2007,813594,26799
2019,09,201909,2008,805483,36099
2019,09,201909,2009,783919,31588
2019,09,201909,2010,1113141,47046
2019,09,201909,2011,1161521,52830
2019,09,201909,2012,1316439,45468
2019,09,201909,2013,1005947,44440
2019,09,201909,2014,1212714,44392
2019,09,201909,2015,1305549,43187
2019,09,201909,2016,1617949,30376
2019,09,201909,2017,1171857,30220
2019,09,201909,2018,1319160,22692
2019,09,201909,2019,1350083,31146
2019,10,201910,1999,485022,66548
2019,10,201910,2000,105265,27891
2019,10,201910,2001,185352,6978
2019,10,201910,2002,351767,10800
2019,10,201910,2003,305544,8032
2019,10,201910,2004,378315,12217
2019,10,201910,2005,520966,18086
2019,10,201910,2006,591477,30979
2019,10,201910,2007,806892,26281
2019,10,201910,2008,800374,35878
2019,10,201910,2009,780586,31637
2019,10,201910,2010,1110073,46983
2019,10,201910,2011,1159649,52756
2019,10,201910,2012,1315164,45412
2019,10,201910,2013,1005585,44376
2019,10,201910,2014,1212618,44320
2019,10,201910,2015,1306568,43070
2019,10,201910,2016,1621839,30387
2019,10,201910,2017,1173774,30282
2019,10,201910,2018,1319773,22665
2019,10,201910,2019,1455937,33471
2019,11,201911,1999,480154,65894
2019,11,201911,2000,102318,26974
2019,11,201911,2001,179409,6760
2019,11,201911,2002,340416,10490
2019,11,201911,2003,296470,7759
2019,11,201911,2004,367853,11825
2019,11,201911,2005,510417,17491
2019,11,201911,2006,582733,30198
2019,11,201911,2007,800141,25821
2019,11,201911,2008,795487,35724
2019,11,201911,2009,777392,31563
2019,11,201911,2010,1107351,46885
2019,11,201911,2011,1157999,52671
2019,11,201911,2012,1313988,45366
2019,11,201911,2013,1005301,44324
2019,11,201911,2014,1212695,44287
2019,11,201911,2015,1307460,43001
2019,11,201911,2016,1626024,30408
2019,11,201911,2017,1175935,30285
2019,11,201911,2018,1320607,22681
2019,11,201911,2019,1570577,35519
2019,12,201912,1999,475032,65313
2019,12,201912,2000,99268,26138
2019,12,201912,2001,173793,6575
2019,12,201912,2002,330154,10212
2019,12,201912,2003,288290,7534
2019,12,201912,2004,358389,11512
2019,12,201912,2005,500702,17068
2019,12,201912,2006,574394,29628
2019,12,201912,2007,793182,25459
2019,12,201912,2008,790319,35654
2019,12,201912,2009,773983,31529
2019,12,201912,2010,1104522,46827
2019,12,201912,2011,1156116,52582
2019,12,201912,2012,1312734,45291
2019,12,201912,2013,1005098,44281
2019,12,201912,2014,1212622,44229
2019,12,201912,2015,1308364,42942
2019,12,201912,2016,1630347,30471
2019,12,201912,2017,1178225,30367
2019,12,201912,2018,1321346,22687
2019,12,201912,2019,1684843,37195
2020,01,202001,2000,567606,90398
2020,01,202001,2001,169763,6449
2020,01,202001,2002,322818,10033
2020,01,202001,2003,282695,7402
2020,01,202001,2004,351802,11313
2020,01,202001,2005,493810,16790
2020,01,202001,2006,567782,29269
2020,01,202001,2007,787244,25237
2020,01,202001,2008,785736,35515
2020,01,202001,2009,771045,31501
2020,01,202001,2010,1102234,46753
2020,01,202001,2011,1154679,52545
2020,01,202001,2012,1311729,45229
2020,01,202001,2013,1004830,44245
2020,01,202001,2014,1212637,44203
2020,01,202001,2015,1309117,42872
2020,01,202001,2016,1634309,30549
2020,01,202001,2017,1180953,30488
2020,01,202001,2018,1322036,22671
2020,01,202001,2019,1245298,30667
2020,01,202001,2020,532168,8285
2020,02,202002,2000,561625,89427
2020,02,202002,2001,166096,6338
2020,02,202002,2002,315067,9839
2020,02,202002,2003,276561,7238
2020,02,202002,2004,344336,11054
2020,02,202002,2005,485821,16370
2020,02,202002,2006,560229,28667
2020,02,202002,2007,781016,24871
2020,02,202002,2008,780983,35308
2020,02,202002,2009,767980,31454
2020,02,202002,2010,1099758,46702
2020,02,202002,2011,1153229,52530
2020,02,202002,2012,1310671,45183
2020,02,202002,2013,1004623,44187
2020,02,202002,2014,1212748,44159
2020,02,202002,2015,1309996,42844
2020,02,202002,2016,1638128,30616
2020,02,202002,2017,1184077,30642
2020,02,202002,2018,1322831,22657
2020,02,202002,2019,1250245,30825
2020,02,202002,2020,597691,9463
2020,03,202003,2000,555260,88236
2020,03,202003,2001,161580,6143
2020,03,202003,2002,305312,9558
2020,03,202003,2003,269177,6984
2020,03,202003,2004,335970,10732
2020,03,202003,2005,477204,15905
2020,03,202003,2006,552525,28027
2020,03,202003,2007,774417,24498
2020,03,202003,2008,776171,35077
2020,03,202003,2009,764976,31374
2020,03,202003,2010,1097301,46661
2020,03,202003,2011,1151871,52477
2020,03,202003,2012,1309790,45140
2020,03,202003,2013,1004596,44139
2020,03,202003,2014,1213044,44105
2020,03,202003,2015,1311007,42812
2020,03,202003,2016,1642944,30700
2020,03,202003,2017,1187672,30853
2020,03,202003,2018,1323679,22651
2020,03,202003,2019,1254389,30940
2020,03,202003,2020,708846,11023
2020,04,202004,2000,548942,87086
2020,04,202004,2001,157038,5975
2020,04,202004,2002,295214,9270
2020,04,202004,2003,261292,6750
2020,04,202004,2004,327101,10400
2020,04,202004,2005,468394,15426
2020,04,202004,2006,545252,27359
2020,04,202004,2007,768649,24081
2020,04,202004,2008,772418,34894
2020,04,202004,2009,762549,31320
2020,04,202004,2010,1095730,46586
2020,04,202004,2011,1151001,52425
2020,04,202004,2012,1309227,45100
2020,04,202004,2013,1004662,44097
2020,04,202004,2014,1213374,44066
2020,04,202004,2015,1312167,42831
2020,04,202004,2016,1647751,30775
2020,04,202004,2017,1191964,31073
2020,04,202004,2018,1325292,22728
2020,04,202004,2019,1257220,31340
2020,04,202004,2020,822365,12686
2020,05,202005,2000,542126,85985
2020,05,202005,2001,152362,5840
2020,05,202005,2002,285008,9036
2020,05,202005,2003,253243,6540
2020,05,202005,2004,318098,10109
2020,05,202005,2005,459106,14990
2020,05,202005,2006,537518,26737
2020,05,202005,2007,762311,23717
2020,05,202005,2008,768181,34703
2020,05,202005,2009,759836,31277
2020,05,202005,2010,1093922,46496
2020,05,202005,2011,1150027,52343
2020,05,202005,2012,1308546,45059
2020,05,202005,2013,1004609,44048
2020,05,202005,2014,1213656,44033
2020,05,202005,2015,1313210,42828
2020,05,202005,2016,1652170,30871
2020,05,202005,2017,1195640,31255
2020,05,202005,2018,1327125,22786
2020,05,202005,2019,1259164,31523
2020,05,202005,2020,945467,14205
2020,06,202006,2000,534677,84837
2020,06,202006,2001,147576,5695
2020,06,202006,2002,275247,8796
2020,06,202006,2003,245525,6331
2020,06,202006,2004,308824,9780
2020,06,202006,2005,448819,14567
2020,06,202006,2006,528830,26097
2020,06,202006,2007,754697,23298
2020,06,202006,2008,763092,34455
2020,06,202006,2009,756557,31229
2020,06,202006,2010,1091566,46379
2020,06,202006,2011,1148621,52272
2020,06,202006,2012,1307598,44982
2020,06,202006,2013,1004336,43989
2020,06,202006,2014,1213946,43997
2020,06,202006,2015,1313864,42804
2020,06,202006,2016,1655980,30873
2020,06,202006,2017,1199459,31459
2020,06,202006,2018,1329375,22819
2020,06,202006,2019,1261312,31739
2020,06,202006,2020,1096457,15989
2020,07,202007,2000,528250,83953
2020,07,202007,2001,143507,5580
2020,07,202007,2002,267417,8587
2020,07,202007,2003,239389,6152
2020,07,202007,2004,301531,9532
2020,07,202007,2005,440519,14193
2020,07,202007,2006,521437,25572
2020,07,202007,2007,747895,23004
2020,07,202007,2008,758321,34242
2020,07,202007,2009,753341,31159
2020,07,202007,2010,1088846,46282
2020,07,202007,2011,1146861,52224
2020,07,202007,2012,1306362,44901
2020,07,202007,2013,1003792,43939
2020,07,202007,2014,1213923,43973
2020,07,202007,2015,1314150,42760
2020,07,202007,2016,1658885,30839
2020,07,202007,2017,1203364,31611
2020,07,202007,2018,1332013,22875
2020,07,202007,2019,1262381,31981
2020,07,202007,2020,1213373,17624
2020,08,202008,2000,522163,83053
2020,08,202008,2001,139900,5451
2020,08,202008,2002,260394,8420
2020,08,202008,2003,234033,6011
2020,08,202008,2004,295075,9312
2020,08,202008,2005,433003,13905
2020,08,202008,2006,514433,25153
2020,08,202008,2007,741206,22726
2020,08,202008,2008,753351,34032
2020,08,202008,2009,749923,31065
2020,08,202008,2010,1085711,46160
2020,08,202008,2011,1144739,52158
2020,08,202008,2012,1304639,44853
2020,08,202008,2013,1002895,43874
2020,08,202008,2014,1213432,43935
2020,08,202008,2015,1313790,42695
2020,08,202008,2016,1660506,30841
2020,08,202008,2017,1205853,31725
2020,08,202008,2018,1333697,22909
2020,08,202008,2019,1262687,32103
2020,08,202008,2020,1304353,18626
2020,09,202009,2000,516458,82240
2020,09,202009,2001,136313,5303
2020,09,202009,2002,253480,8215
2020,09,202009,2003,228567,5841
2020,09,202009,2004,288712,9069
2020,09,202009,2005,425266,13617
2020,09,202009,2006,507247,24667
2020,09,202009,2007,734042,22415
2020,09,202009,2008,748269,33804
2020,09,202009,2009,746296,30950
2020,09,202009,2010,1082296,46043
2020,09,202009,2011,1142583,52075
2020,09,202009,2012,1303097,44793
2020,09,202009,2013,1002112,43788
2020,09,202009,2014,1213223,43885
2020,09,202009,2015,1313742,42677
2020,09,202009,2016,1662280,30865
2020,09,202009,2017,1209188,31831
2020,09,202009,2018,1335868,22965
2020,09,202009,2019,1263295,32073
2020,09,202009,2020,1423701,19734
2020,10,202010,2000,510948,81303
2020,10,202010,2001,132474,5155
2020,10,202010,2002,245815,7978
2020,10,202010,2003,222273,5641
2020,10,202010,2004,281763,8807
2020,10,202010,2005,416698,13236
2020,10,202010,2006,499549,24029
2020,10,202010,2007,726776,22009
2020,10,202010,2008,743202,33514
2020,10,202010,2009,742664,30834
2020,10,202010,2010,1079005,45912
2020,10,202010,2011,1140356,52014
2020,10,202010,2012,1301430,44710
2020,10,202010,2013,1001247,43720
2020,10,202010,2014,1213006,43829
2020,10,202010,2015,1313674,42615
2020,10,202010,2016,1663549,30865
2020,10,202010,2017,1212546,31912
2020,10,202010,2018,1337703,23035
2020,10,202010,2019,1263740,32066
2020,10,202010,2020,1531940,21008
2020,11,202011,2000,505549,80381
2020,11,202011,2001,128726,5017
2020,11,202011,2002,238699,7752
2020,11,202011,2003,216187,5448
2020,11,202011,2004,274992,8544
2020,11,202011,2005,408066,12885
2020,11,202011,2006,491944,23477
2020,11,202011,2007,719210,21644
2020,11,202011,2008,737926,33257
2020,11,202011,2009,738860,30684
2020,11,202011,2010,1075505,45744
2020,11,202011,2011,1137988,51902
2020,11,202011,2012,1299677,44606
2020,11,202011,2013,1000300,43625
2020,11,202011,2014,1212713,43754
2020,11,202011,2015,1313776,42547
2020,11,202011,2016,1664984,30856
2020,11,202011,2017,1216466,31991
2020,11,202011,2018,1339756,23117
2020,11,202011,2019,1263891,32058
2020,11,202011,2020,1652958,22392
2020,12,202012,2000,499677,79364
2020,12,202012,2001,124920,4884
2020,12,202012,2002,231401,7555
2020,12,202012,2003,209670,5296
2020,12,202012,2004,268093,8341
2020,12,202012,2005,399341,12585
2020,12,202012,2006,483921,22992
2020,12,202012,2007,710779,21311
2020,12,202012,2008,732083,32950
2020,12,202012,2009,734514,30512
2020,12,202012,2010,1071592,45532
2020,12,202012,2011,1135446,51776
2020,12,202012,2012,1297773,44532
2020,12,202012,2013,999215,43541
2020,12,202012,2014,1212645,43700
2020,12,202012,2015,1313816,42488
2020,12,202012,2016,1666615,30873
2020,12,202012,2017,1220442,32134
2020,12,202012,2018,1342456,23190
2020,12,202012,2019,1264178,32069
2020,12,202012,2020,1767993,23879
2021,01,202101,2001,617531,83543
2021,01,202101,2002,226741,7420
2021,01,202101,2003,205242,5192
2021,01,202101,2004,263487,8201
2021,01,202101,2005,393046,12411
2021,01,202101,2006,477748,22739
2021,01,202101,2007,703461,21132
2021,01,202101,2008,726603,32694
2021,01,202101,2009,730547,30332
2021,01,202101,2010,1067773,45342
2021,01,202101,2011,1132859,51654
2021,01,202101,2012,1295982,44429
2021,01,202101,2013,998144,43447
2021,01,202101,2014,1212110,43649
2021,01,202101,2015,1313742,42426
2021,01,202101,2016,1667974,30911
2021,01,202101,2017,1224829,32345
2021,01,202101,2018,1345964,23318
2021,01,202101,2019,1264492,32165
2021,01,202101,2020,1253532,16652
2021,01,202101,2021,625732,8349
2021,02,202102,2001,611291,82977
2021,02,202102,2002,222611,7326
2021,02,202102,2003,201137,5116
2021,02,202102,2004,259260,8088
2021,02,202102,2005,387228,12262
2021,02,202102,2006,471998,22497
2021,02,202102,2007,696731,20940
2021,02,202102,2008,721467,32358
2021,02,202102,2009,726660,30111
2021,02,202102,2010,1064078,45199
2021,02,202102,2011,1130311,51553
2021,02,202102,2012,1294115,44346
2021,02,202102,2013,997145,43363
2021,02,202102,2014,1211672,43585
2021,02,202102,2015,1313625,42398
2021,02,202102,2016,1668783,30913
2021,02,202102,2017,1228246,32421
2021,02,202102,2018,1348992,23448
2021,02,202102,2019,1265032,32166
2021,02,202102,2020,1257922,16708
2021,02,202102,2021,708938,9045
2021,03,202103,2001,602630,81995
2021,03,202103,2002,215837,7106
2021,03,202103,2003,194123,4949
2021,03,202103,2004,252218,7842
2021,03,202103,2005,377946,11867
2021,03,202103,2006,463123,21826
2021,03,202103,2007,687466,20426
2021,03,202103,2008,714840,31934
2021,03,202103,2009,721753,29868
2021,03,202103,2010,1059381,44989
2021,03,202103,2011,1127089,51380
2021,03,202103,2012,1291943,44256
2021,03,202103,2013,996036,43259
2021,03,202103,2014,1211222,43538
2021,03,202103,2015,1313776,42327
2021,03,202103,2016,1669808,30942
2021,03,202103,2017,1232346,32498
2021,03,202103,2018,1352407,23496
2021,03,202103,2019,1265642,32172
2021,03,202103,2020,1262357,16805
2021,03,202103,2021,819030,10024
2021,04,202104,2001,593102,80693
2021,04,202104,2002,207160,6808
2021,04,202104,2003,185406,4682
2021,04,202104,2004,242827,7465
2021,04,202104,2005,367171,11310
2021,04,202104,2006,453940,20880
2021,04,202104,2007,678662,19727
2021,04,202104,2008,708653,31604
2021,04,202104,2009,717394,29690
2021,04,202104,2010,1055137,44799
2021,04,202104,2011,1124463,51214
2021,04,202104,2012,1290000,44179
2021,04,202104,2013,994952,43202
2021,04,202104,2014,1210799,43475
2021,04,202104,2015,1314402,42296
2021,04,202104,2016,1670771,30954
2021,04,202104,2017,1236207,32541
2021,04,202104,2018,1356583,23554
2021,04,202104,2019,1266529,32190
2021,04,202104,2020,1264871,16838
2021,04,202104,2021,926813,10791
2021,05,202105,2001,584501,79518
2021,05,202105,2002,199432,6559
2021,05,202105,2003,177863,4423
2021,05,202105,2004,234186,7130
2021,05,202105,2005,357419,10783
2021,05,202105,2006,445118,20006
2021,05,202105,2007,670377,19069
2021,05,202105,2008,702808,31247
2021,05,202105,2009,713302,29516
2021,05,202105,2010,1051167,44624
2021,05,202105,2011,1121878,51062
2021,05,202105,2012,1288239,44080
2021,05,202105,2013,993958,43113
2021,05,202105,2014,1210332,43405
2021,05,202105,2015,1314584,42254
2021,05,202105,2016,1671353,30945
2021,05,202105,2017,1238802,32605
2021,05,202105,2018,1360413,23599
2021,05,202105,2019,1267401,32246
2021,05,202105,2020,1265902,16872
2021,05,202105,2021,1027877,12202
2021,06,202106,2001,576705,78621
2021,06,202106,2002,193101,6384
2021,06,202106,2003,172096,4284
2021,06,202106,2004,226853,6882
2021,06,202106,2005,348315,10393
2021,06,202106,2006,436680,19270
2021,06,202106,2007,662019,18594
2021,06,202106,2008,696551,30889
2021,06,202106,2009,708981,29342
2021,06,202106,2010,1046904,44455
2021,06,202106,2011,1118904,50896
2021,06,202106,2012,1286176,43973
2021,06,202106,2013,992894,43024
2021,06,202106,2014,1209725,43334
2021,06,202106,2015,1314755,42187
2021,06,202106,2016,1671965,30918
2021,06,202106,2017,1241415,32639
2021,06,202106,2018,1364926,23645
2021,06,202106,2019,1268420,32229
2021,06,202106,2020,1266844,16894
2021,06,202106,2021,1138329,13480
2021,07,202107,2001,569844,77963
2021,07,202107,2002,188123,6261
2021,07,202107,2003,167664,4166
2021,07,202107,2004,221319,6703
2021,07,202107,2005,340894,10119
2021,07,202107,2006,428953,18746
2021,07,202107,2007,654052,18211
2021,07,202107,2008,690329,30562
2021,07,202107,2009,704645,29143
2021,07,202107,2010,1042531,44254
2021,07,202107,2011,1115936,50731
2021,07,202107,2012,1284070,43872
2021,07,202107,2013,991619,42935
2021,07,202107,2014,1208977,43251
2021,07,202107,2015,1314833,42147
2021,07,202107,2016,1672441,30896
2021,07,202107,2017,1243789,32682
2021,07,202107,2018,1369253,23712
2021,07,202107,2019,1269301,32279
2021,07,202107,2020,1267547,16944
2021,07,202107,2021,1244768,14578
2021,08,202108,2001,563609,77327
2021,08,202108,2002,183758,6142
2021,08,202108,2003,163639,4071
2021,08,202108,2004,216153,6537
2021,08,202108,2005,334386,9890
2021,08,202108,2006,422076,18287
2021,08,202108,2007,646749,17857
2021,08,202108,2008,684705,30258
2021,08,202108,2009,700754,28958
2021,08,202108,2010,1038631,44057
2021,08,202108,2011,1113206,50572
2021,08,202108,2012,1282023,43767
2021,08,202108,2013,990442,42855
2021,08,202108,2014,1208172,43185
2021,08,202108,2015,1314706,42084
2021,08,202108,2016,1672504,30881
2021,08,202108,2017,1245606,32694
2021,08,202108,2018,1372637,23761
2021,08,202108,2019,1270246,32302
2021,08,202108,2020,1268227,16962
2021,08,202108,2021,1330624,15306
2021,09,202109,2001,558056,76706
2021,09,202109,2002,179646,6028
2021,09,202109,2003,159923,3973
2021,09,202109,2004,211442,6379
2021,09,202109,2005,328394,9641
2021,09,202109,2006,415726,17873
2021,09,202109,2007,640113,17553
2021,09,202109,2008,679666,30021
2021,09,202109,2009,697162,28781
2021,09,202109,2010,1034878,43869
2021,09,202109,2011,1110457,50415
2021,09,202109,2012,1280054,43665
2021,09,202109,2013,989241,42750
2021,09,202109,2014,1207312,43099
2021,09,202109,2015,1314525,42041
2021,09,202109,2016,1672627,30859
2021,09,202109,2017,1247044,32676
2021,09,202109,2018,1376308,23890
2021,09,202109,2019,1271324,32342
2021,09,202109,2020,1268645,17027
2021,09,202109,2021,1411848,15975
2021,10,202110,2001,552409,76095
2021,10,202110,2002,175429,5925
2021,10,202110,2003,156245,3875
2021,10,202110,2004,206538,6233
2021,10,202110,2005,322146,9416
2021,10,202110,2006,408894,17431
2021,10,202110,2007,633253,17212
2021,10,202110,2008,674215,29712
2021,10,202110,2009,693230,28608
2021,10,202110,2010,1030816,43699
2021,10,202110,2011,1107419,50236
2021,10,202110,2012,1277964,43566
2021,10,202110,2013,987957,42643
2021,10,202110,2014,1206466,43003
2021,10,202110,2015,1314511,41995
2021,10,202110,2016,1672867,30840
2021,10,202110,2017,1248658,32713
2021,10,202110,2018,1380354,23989
2021,10,202110,2019,1272942,32370
2021,10,202110,2020,1269020,17051
2021,10,202110,2021,1497096,16584
2021,11,202111,2001,546544,75424
2021,11,202111,2002,170977,5803
2021,11,202111,2003,152464,3794
2021,11,202111,2004,201516,6092
2021,11,202111,2005,315896,9201
2021,11,202111,2006,401956,17048
2021,11,202111,2007,625866,16878
2021,11,202111,2008,668473,29413
2021,11,202111,2009,689094,28421
2021,11,202111,2010,1026450,43473
2021,11,202111,2011,1104277,50082
2021,11,202111,2012,1275672,43461
2021,11,202111,2013,986665,42543
2021,11,202111,2014,1205470,42943
2021,11,202111,2015,1314332,41947
2021,11,202111,2016,1672962,30820
2021,11,202111,2017,1250224,32726
2021,11,202111,2018,1384329,24058
2021,11,202111,2019,1274612,32400
2021,11,202111,2020,1269491,17116
2021,11,202111,2021,1593103,17344
2021,12,202112,2001,540903,74761
2021,12,202112,2002,166451,5696
2021,12,202112,2003,148715,3692
2021,12,202112,2004,196432,5955
2021,12,202112,2005,309708,9010
2021,12,202112,2006,394841,16674
2021,12,202112,2007,618372,16572
2021,12,202112,2008,662225,29102
2021,12,202112,2009,684742,28233
2021,12,202112,2010,1021976,43271
2021,12,202112,2011,1100937,49889
2021,12,202112,2012,1273368,43346
2021,12,202112,2013,985207,42471
2021,12,202112,2014,1204346,42884
2021,12,202112,2015,1314653,41921
2021,12,202112,2016,1672980,30811
2021,12,202112,2017,1251699,32734
2021,12,202112,2018,1388821,24136
2021,12,202112,2019,1276510,32476
2021,12,202112,2020,1269600,17188
2021,12,202112,2021,1685776,18072
2022,01,202201,2001,699552,79926
2022,01,202201,2002,145938,3630
2022,01,202201,2003,192744,5854
2022,01,202201,2004,304974,8887
2022,01,202201,2005,389297,16432
2022,01,202201,2006,612007,16370
2022,01,202201,2007,656766,28813
2022,01,202201,2008,680838,28012
2022,01,202201,2009,1018025,43051
2022,01,202201,2010,1097869,49698
2022,01,202201,2011,1271284,43257
2022,01,202201,2012,983920,42392
2022,01,202201,2013,1203234,42834
2022,01,202201,2014,1314082,41894
2022,01,202201,2015,1673044,30789
2022,01,202201,2016,1253343,32774
2022,01,202201,2017,1393324,24231
2022,01,202201,2018,1278919,32547
2022,01,202201,2019,1269591,17264
2022,01,202201,2020,1219630,12218
2022,01,202201,2021,555432,6469
2022,02,202202,2002,692350,79429
2022,02,202202,2003,143431,3570
2022,02,202202,2004,189387,5786
2022,02,202202,2005,300662,8771
2022,02,202202,2006,384004,16234
2022,02,202202,2007,606007,16228
2022,02,202202,2008,651562,28568
2022,02,202202,2009,676990,27838
2022,02,202202,2010,1014038,42883
2022,02,202202,2011,1094765,49524
2022,02,202202,2012,1269141,43167
2022,02,202202,2013,982681,42344
2022,02,202202,2014,1202282,42767
2022,02,202202,2015,1313680,41864
2022,02,202202,2016,1672912,30769
2022,02,202202,2017,1254721,32771
2022,02,202202,2018,1397246,24276
2022,02,202202,2019,1280997,32555
2022,02,202202,2020,1269710,17305
2022,02,202202,2021,1221535,12224
2022,02,202202,2022,627376,6781
2022,03,202203,2002,683070,78667
2022,03,202203,2003,139895,3463
2022,03,202203,2004,184433,5602
2022,03,202203,2005,294780,8515
2022,03,202203,2006,376979,15816
2022,03,202203,2007,598613,15918
2022,03,202203,2008,645566,28228
2022,03,202203,2009,672579,27609
2022,03,202203,2010,1009620,42603
2022,03,202203,2011,1091395,49312
2022,03,202203,2012,1266893,43036
2022,03,202203,2013,981339,42275
2022,03,202203,2014,1201415,42680
2022,03,202203,2015,1313525,41840
2022,03,202203,2016,1673142,30748
2022,03,202203,2017,1257016,32798
2022,03,202203,2018,1402495,24345
2022,03,202203,2019,1284485,32599
2022,03,202203,2020,1270126,17342
2022,03,202203,2021,1223505,12222
2022,03,202203,2022,719479,7214
2022,04,202204,2002,673442,77911
2022,04,202204,2003,135970,3342
2022,04,202204,2004,178998,5363
2022,04,202204,2005,288119,8205
2022,04,202204,2006,369732,15181
2022,04,202204,2007,591210,15366
2022,04,202204,2008,639769,27896
2022,04,202204,2009,668332,27386
2022,04,202204,2010,1005489,42379
2022,04,202204,2011,1088236,49103
2022,04,202204,2012,1264767,42925
2022,04,202204,2013,980130,42214
2022,04,202204,2014,1200582,42608
2022,04,202204,2015,1313334,41784
2022,04,202204,2016,1673350,30738
2022,04,202204,2017,1259078,32820
2022,04,202204,2018,1407335,24382
2022,04,202204,2019,1288167,32616
2022,04,202204,2020,1270565,17390
2022,04,202204,2021,1224252,12223
2022,04,202204,2022,812810,7812
2022,05,202205,2002,663115,77115
2022,05,202205,2003,131826,3234
2022,05,202205,2004,173589,5148
2022,05,202205,2005,281408,7883
2022,05,202205,2006,362409,14616
2022,05,202205,2007,583326,14896
2022,05,202205,2008,633480,27523
2022,05,202205,2009,663819,27179
2022,05,202205,2010,1001000,42153
2022,05,202205,2011,1084589,48871
2022,05,202205,2012,1262368,42801
2022,05,202205,2013,978695,42126
2022,05,202205,2014,1199603,42528
2022,05,202205,2015,1313034,41723
2022,05,202205,2016,1673383,30722
2022,05,202205,2017,1260363,32812
2022,05,202205,2018,1412202,24409
2022,05,202205,2019,1291636,32652
2022,05,202205,2020,1270934,17412
2022,05,202205,2021,1224442,12219
2022,05,202205,2022,907357,8708
2022,06,202206,2002,654489,76563
2022,06,202206,2003,128641,3140
2022,06,202206,2004,169379,5014
2022,06,202206,2005,275910,7682
2022,06,202206,2006,356079,14244
2022,06,202206,2007,576234,14596
2022,06,202206,2008,627865,27189
2022,06,202206,2009,659555,26971
2022,06,202206,2010,996820,41948
2022,06,202206,2011,1081222,48688
2022,06,202206,2012,1260029,42677
2022,06,202206,2013,977298,42067
2022,06,202206,2014,1198504,42454
2022,06,202206,2015,1312623,41679
2022,06,202206,2016,1673306,30715
2022,06,202206,2017,1261602,32823
2022,06,202206,2018,1416720,24452
2022,06,202206,2019,1294929,32721
2022,06,202206,2020,1271087,17405
2022,06,202206,2021,1224944,12207
2022,06,202206,2022,995570,9495
2022,07,202207,2002,646667,76043
2022,07,202207,2003,125756,3075
2022,07,202207,2004,165594,4917
2022,07,202207,2005,270763,7535
2022,07,202207,2006,350295,13939
2022,07,202207,2007,569199,14348
2022,07,202207,2008,622061,26900
2022,07,202207,2009,655118,26747
2022,07,202207,2010,992038,41715
2022,07,202207,2011,1077441,48498
2022,07,202207,2012,1257345,42543
2022,07,202207,2013,975737,41967
2022,07,202207,2014,1197394,42361
2022,07,202207,2015,1312113,41622
2022,07,202207,2016,1673156,30690
2022,07,202207,2017,1262289,32798
2022,07,202207,2018,1421125,24506
2022,07,202207,2019,1298145,32779
2022,07,202207,2020,1271352,17412
2022,07,202207,2021,1224711,12237
2022,07,202207,2022,1090492,10373
2022,08,202208,2002,638337,75449
2022,08,202208,2003,122798,3002
2022,08,202208,2004,161849,4807
2022,08,202208,2005,265456,7387
2022,08,202208,2006,344449,13636
2022,08,202208,2007,561597,14085
2022,08,202208,2008,616092,26584
2022,08,202208,2009,650169,26558
2022,08,202208,2010,986940,41468
2022,08,202208,2011,1073115,48319
2022,08,202208,2012,1253996,42386
2022,08,202208,2013,973716,41846
2022,08,202208,2014,1195783,42256
2022,08,202208,2015,1310912,41586
2022,08,202208,2016,1672293,30647
2022,08,202208,2017,1262150,32765
2022,08,202208,2018,1424539,24541
2022,08,202208,2019,1300935,32832
2022,08,202208,2020,1271070,17384
2022,08,202208,2021,1223898,12199
2022,08,202208,2022,1175412,11297
2022,09,202209,2002,630784,74906
2022,09,202209,2003,120022,2931
2022,09,202209,2004,158272,4683
2022,09,202209,2005,260092,7222
2022,09,202209,2006,338798,13313
2022,09,202209,2007,554456,13855
2022,09,202209,2008,610199,26312
2022,09,202209,2009,645528,26392
2022,09,202209,2010,981861,41236
2022,09,202209,2011,1068798,48140
2022,09,202209,2012,1250543,42243
2022,09,202209,2013,971601,41752
2022,09,202209,2014,1193901,42167
2022,09,202209,2015,1309636,41531
2022,09,202209,2016,1671328,30616
2022,09,202209,2017,1261649,32743
2022,09,202209,2018,1427270,24563
2022,09,202209,2019,1302984,32863
2022,09,202209,2020,1270612,17382
2022,09,202209,2021,1222788,12189
2022,09,202209,2022,1268137,11783
2022,10,202210,2002,623621,74413
2022,10,202210,2003,117281,2865
2022,10,202210,2004,154700,4563
2022,10,202210,2005,255085,7052
2022,10,202210,2006,333390,13010
2022,10,202210,2007,547640,13608
2022,10,202210,2008,604735,26068
2022,10,202210,2009,641054,26242
2022,10,202210,2010,977113,41014
2022,10,202210,2011,1064616,47968
2022,10,202210,2012,1247401,42097
2022,10,202210,2013,969727,41641
2022,10,202210,2014,1192435,42081
2022,10,202210,2015,1308648,41470
2022,10,202210,2016,1670891,30601
2022,10,202210,2017,1261215,32696
2022,10,202210,2018,1428918,24567
2022,10,202210,2019,1305302,32929
2022,10,202210,2020,1270676,17383
2022,10,202210,2021,1222075,12165
2022,10,202210,2022,1357597,12360
2022,11,202211,2002,616482,73883
2022,11,202211,2003,114423,2795
2022,11,202211,2004,151128,4453
2022,11,202211,2005,249719,6881
2022,11,202211,2006,327659,12700
2022,11,202211,2007,540408,13316
2022,11,202211,2008,598894,25811
2022,11,202211,2009,636033,26068
2022,11,202211,2010,971737,40806
2022,11,202211,2011,1060178,47738
2022,11,202211,2012,1243933,41940
2022,11,202211,2013,967666,41552
2022,11,202211,2014,1190765,42013
2022,11,202211,2015,1307540,41424
2022,11,202211,2016,1670613,30583
2022,11,202211,2017,1261084,32673
2022,11,202211,2018,1431021,24588
2022,11,202211,2019,1308312,32986
2022,11,202211,2020,1271694,17413
2022,11,202211,2021,1221901,12151
2022,11,202211,2022,1464962,13512
2022,12,202212,2002,609390,73307
2022,12,202212,2003,111341,2728
2022,12,202212,2004,147542,4352
2022,12,202212,2005,244184,6728
2022,12,202212,2006,321840,12369
2022,12,202212,2007,532936,13062
2022,12,202212,2008,592365,25582
2022,12,202212,2009,630659,25891
2022,12,202212,2010,965867,40624
2022,12,202212,2011,1055236,47514
2022,12,202212,2012,1240027,41804
2022,12,202212,2013,965398,41421
2022,12,202212,2014,1188894,41911
2022,12,202212,2015,1306226,41359
2022,12,202212,2016,1670512,30548
2022,12,202212,2017,1260769,32644
2022,12,202212,2018,1433245,24611
2022,12,202212,2019,1311662,33076
2022,12,202212,2020,1272371,17409
2022,12,202212,2021,1222117,12159
2022,12,202212,2022,1565394,14526
2023,01,202301,2003,712067,75595
2023,01,202301,2004,144528,4289
2023,01,202301,2005,239259,6622
2023,01,202301,2006,316537,12147
2023,01,202301,2007,525701,12899
2023,01,202301,2008,586098,25374
2023,01,202301,2009,625273,25713
2023,01,202301,2010,959843,40426
2023,01,202301,2011,1050371,47301
2023,01,202301,2012,1236169,41624
2023,01,202301,2013,963099,41290
2023,01,202301,2014,1187021,41826
2023,01,202301,2015,1304798,41268
2023,01,202301,2016,1669684,30529
2023,01,202301,2017,1260386,32623
2023,01,202301,2018,1435335,24644
2023,01,202301,2019,1315704,33203
2023,01,202301,2020,1273883,17417
2023,01,202301,2021,1221906,12146
2023,01,202301,2022,1080183,11402
2023,01,202301,2023,588216,3982
2023,02,202302,2003,703621,75153
2023,02,202302,2004,141566,4210
2023,02,202302,2005,234448,6503
2023,02,202302,2006,311046,11941
2023,02,202302,2007,517806,12722
2023,02,202302,2008,579451,25139
2023,02,202302,2009,619608,25498
2023,02,202302,2010,953684,40200
2023,02,202302,2011,1045215,47068
2023,02,202302,2012,1232083,41472
2023,02,202302,2013,960680,41157
2023,02,202302,2014,1185008,41729
2023,02,202302,2015,1303364,41193
2023,02,202302,2016,1668775,30496
2023,02,202302,2017,1259834,32579
2023,02,202302,2018,1437511,24659
2023,02,202302,2019,1319580,33274
2023,02,202302,2020,1275020,17416
2023,02,202302,2021,1221330,12123
2023,02,202302,2022,1082910,11396
2023,02,202302,2023,678326,5019
2023,03,202303,2003,693016,74491
2023,03,202303,2004,137613,4091
2023,03,202303,2005,228496,6339
2023,03,202303,2006,303920,11599
2023,03,202303,2007,507683,12404
2023,03,202303,2008,570278,24386
2023,03,202303,2009,612330,24879
2023,03,202303,2010,946125,39584
2023,03,202303,2011,1039183,46585
2023,03,202303,2012,1227491,41258
2023,03,202303,2013,958001,41027
2023,03,202303,2014,1182900,41617
2023,03,202303,2015,1301853,41108
2023,03,202303,2016,1668146,30466
2023,03,202303,2017,1259375,32527
2023,03,202303,2018,1440161,24689
2023,03,202303,2019,1324876,33348
2023,03,202303,2020,1277375,17420
2023,03,202303,2021,1221167,12103
2023,03,202303,2022,1086329,11407
2023,03,202303,2023,793753,6305
2023,04,202304,2003,683163,73856
2023,04,202304,2004,133859,3975
2023,04,202304,2005,222878,6155
2023,04,202304,2006,297432,11204
2023,04,202304,2007,498800,12040
2023,04,202304,2008,562039,23662
2023,04,202304,2009,605809,24287
2023,04,202304,2010,939657,38933
2023,04,202304,2011,1033968,46077
2023,04,202304,2012,1223649,41084
2023,04,202304,2013,955777,40900
2023,04,202304,2014,1181033,41509
2023,04,202304,2015,1300263,41050
2023,04,202304,2016,1667334,30432
2023,04,202304,2017,1258890,32495
2023,04,202304,2018,1442014,24694
2023,04,202304,2019,1329750,33374
2023,04,202304,2020,1279619,17408
2023,04,202304,2021,1221178,12085
2023,04,202304,2022,1087871,11406
2023,04,202304,2023,892704,7425
2023,05,202305,2003,673418,73282
2023,05,202305,2004,130177,3856
2023,05,202305,2005,217148,5976
2023,05,202305,2006,290948,10859
2023,05,202305,2007,489783,11732
2023,05,202305,2008,553338,23062
2023,05,202305,2009,598627,23818
2023,05,202305,2010,932397,38309
2023,05,202305,2011,1028187,45576
2023,05,202305,2012,1219133,40901
2023,05,202305,2013,953183,40760
2023,05,202305,2014,1178776,41408
2023,05,202305,2015,1298172,40977
2023,05,202305,2016,1666020,30398
2023,05,202305,2017,1258234,32451
2023,05,202305,2018,1443102,24691
2023,05,202305,2019,1333818,33406
2023,05,202305,2020,1281339,17413
2023,05,202305,2021,1220798,12103
2023,05,202305,2022,1088611,11390
2023,05,202305,2023,991333,8412
2023,06,202306,2003,664478,72762
2023,06,202306,2004,126895,3765
2023,06,202306,2005,212020,5843
2023,06,202306,2006,284905,10582
2023,06,202306,2007,481294,11475
2023,06,202306,2008,545349,22652
2023,06,202306,2009,591868,23416
2023,06,202306,2010,924922,37838
2023,06,202306,2011,1022122,45182
2023,06,202306,2012,1214349,40709
2023,06,202306,2013,950326,40614
2023,06,202306,2014,1176315,41282
2023,06,202306,2015,1295988,40896
2023,06,202306,2016,1664684,30374
2023,06,202306,2017,1257431,32418
2023,06,202306,2018,1443875,24664
2023,06,202306,2019,1338649,33455
2023,06,202306,2020,1283497,17401
2023,06,202306,2021,1221032,12064
2023,06,202306,2022,1089510,11396
2023,06,202306,2023,1103267,9419
2023,07,202307,2003,656355,72272
2023,07,202307,2004,123912,3683
2023,07,202307,2005,207159,5727
2023,07,202307,2006,279072,10331
2023,07,202307,2007,473611,11276
2023,07,202307,2008,537739,22323
2023,07,202307,2009,585434,23108
2023,07,202307,2010,917688,37428
2023,07,202307,2011,1016142,44872
2023,07,202307,2012,1209569,40521
2023,07,202307,2013,947537,40488
2023,07,202307,2014,1173931,41161
2023,07,202307,2015,1293874,40818
2023,07,202307,2016,1663196,30351
2023,07,202307,2017,1256645,32406
2023,07,202307,2018,1444507,24641
2023,07,202307,2019,1343373,33491
2023,07,202307,2020,1286344,17401
2023,07,202307,2021,1221221,12051
2023,07,202307,2022,1090240,11394
2023,07,202307,2023,1197588,10337
2023,08,202308,2003,647840,71777
2023,08,202308,2004,120774,3589
2023,08,202308,2005,202469,5575
2023,08,202308,2006,273064,10092
2023,08,202308,2007,465624,11045
2023,08,202308,2008,529766,21919
2023,08,202308,2009,578743,22731
2023,08,202308,2010,910098,36957
2023,08,202308,2011,1009829,44481
2023,08,202308,2012,1204408,40337
2023,08,202308,2013,944471,40350
2023,08,202308,2014,1171129,41063
2023,08,202308,2015,1291362,40743
2023,08,202308,2016,1661176,30329
2023,08,202308,2017,1255635,32364
2023,08,202308,2018,1444669,24618
2023,08,202308,2019,1347471,33475
2023,08,202308,2020,1289203,17396
2023,08,202308,2021,1221384,12045
2023,08,202308,2022,1090609,11389
2023,08,202308,2023,1282852,11141
2023,09,202309,2003,640170,71330
2023,09,202309,2004,118032,3511
2023,09,202309,2005,198293,5466
2023,09,202309,2006,267840,9852
2023,09,202309,2007,458411,10823
2023,09,202309,2008,522413,21510
2023,09,202309,2009,572645,22385
2023,09,202309,2010,903117,36494
2023,09,202309,2011,1004073,44109
2023,09,202309,2012,1199781,40150
2023,09,202309,2013,941722,40199
2023,09,202309,2014,1168578,40974
2023,09,202309,2015,1288993,40682
2023,09,202309,2016,1659182,30297
2023,09,202309,2017,1254594,32340
2023,09,202309,2018,1444662,24591
2023,09,202309,2019,1350724,33479
2023,09,202309,2020,1291842,17391
2023,09,202309,2021,1221688,12060
2023,09,202309,2022,1090940,11398
2023,09,202309,2023,1381177,12020
2023,10,202310,2003,632292,70829
2023,10,202310,2004,114872,3439
2023,10,202310,2005,193717,5346
2023,10,202310,2006,262155,9607
2023,10,202310,2007,450495,10590
2023,10,202310,2008,514414,21078
2023,10,202310,2009,566043,22016
2023,10,202310,2010,895295,35980
2023,10,202310,2011,997804,43687
2023,10,202310,2012,1194579,40003
2023,10,202310,2013,938670,40082
2023,10,202310,2014,1165830,40872
2023,10,202310,2015,1286289,40581
2023,10,202310,2016,1656851,30278
2023,10,202310,2017,1253539,32315
2023,10,202310,2018,1444090,24559
2023,10,202310,2019,1354040,33492
2023,10,202310,2020,1294761,17410
2023,10,202310,2021,1221856,12057
2023,10,202310,2022,1090738,11392
2023,10,202310,2023,1475896,12964
2023,11,202311,2003,624944,70332
2023,11,202311,2004,111859,3361
2023,11,202311,2005,189336,5215
2023,11,202311,2006,256535,9352
2023,11,202311,2007,442873,10367
2023,11,202311,2008,506911,20733
2023,11,202311,2009,559677,21718
2023,11,202311,2010,887631,35535
2023,11,202311,2011,991705,43357
2023,11,202311,2012,1189331,39823
2023,11,202311,2013,935436,39933
2023,11,202311,2014,1162971,40768
2023,11,202311,2015,1283359,40478
2023,11,202311,2016,1654417,30233
2023,11,202311,2017,1252686,32285
2023,11,202311,2018,1444031,24561
2023,11,202311,2019,1357491,33497
2023,11,202311,2020,1298589,17435
2023,11,202311,2021,1222684,12048
2023,11,202311,2022,1091006,11384
2023,11,202311,2023,1586271,14155
2023,12,202312,2003,617893,69895
2023,12,202312,2004,109091,3285
2023,12,202312,2005,185307,5096
2023,12,202312,2006,251138,9145
2023,12,202312,2007,436008,10171
2023,12,202312,2008,500075,20484
2023,12,202312,2009,553713,21487
2023,12,202312,2010,880563,35257
2023,12,202312,2011,985704,43250
2023,12,202312,2012,1184206,39705
2023,12,202312,2013,932421,39819
2023,12,202312,2014,1160215,40674
2023,12,202312,2015,1280598,40415
2023,12,202312,2016,1652026,30216
2023,12,202312,2017,1252129,32262
2023,12,202312,2018,1444027,24548
2023,12,202312,2019,1360128,33529
2023,12,202312,2020,1302516,17431
2023,12,202312,2021,1223453,12046
2023,12,202312,2022,1091484,11383
2023,12,202312,2023,1676599,15021
2024,01,202401,2004,717516,72694
2024,01,202401,2005,181139,4995
2024,01,202401,2006,245701,8956
2024,01,202401,2007,428769,9977
2024,01,202401,2008,492788,20276
2024,01,202401,2009,547291,21326
2024,01,202401,2010,873137,35000
2024,01,202401,2011,979316,43091
2024,01,202401,2012,1178396,39508
2024,01,202401,2013,928959,39670
2024,01,202401,2014,1157004,40530
2024,01,202401,2015,1277731,40281
2024,01,202401,2016,1649428,30160
2024,01,202401,2017,1250962,32248
2024,01,202401,2018,1443687,24527
2024,01,202401,2019,1363150,33525
2024,01,202401,2020,1307070,17473
2024,01,202401,2021,1224553,12031
2024,01,202401,2022,1091780,11403
2024,01,202401,2023,1288842,12153
2024,01,202401,2024,491369,3851
2024,02,202402,2004,709688,72308
2024,02,202402,2005,178018,4929
2024,02,202402,2006,241543,8826
2024,02,202402,2007,423214,9854
2024,02,202402,2008,487158,20094
2024,02,202402,2009,542282,21153
2024,02,202402,2010,866850,34769
2024,02,202402,2011,973952,42920
2024,02,202402,2012,1173671,39332
2024,02,202402,2013,925849,39533
2024,02,202402,2014,1154214,40396
2024,02,202402,2015,1275200,40194
2024,02,202402,2016,1647117,30125
2024,02,202402,2017,1249970,32212
2024,02,202402,2018,1443181,24512
2024,02,202402,2019,1365479,33541
2024,02,202402,2020,1310416,17473
2024,02,202402,2021,1225357,12004
2024,02,202402,2022,1091939,11367
2024,02,202402,2023,1291483,12160
2024,02,202402,2024,568168,4680
2024,03,202403,2004,700329,71866
2024,03,202403,2005,174283,4830
2024,03,202403,2006,236195,8620
2024,03,202403,2007,415705,9650
2024,03,202403,2008,479107,19611
2024,03,202403,2009,535550,20673
2024,03,202403,2010,858757,34051
2024,03,202403,2011,967617,42363
2024,03,202403,2012,1168598,39120
2024,03,202403,2013,922554,39401
2024,03,202403,2014,1151267,40265
2024,03,202403,2015,1272617,40081
2024,03,202403,2016,1644883,30073
2024,03,202403,2017,1249132,32171
2024,03,202403,2018,1442731,24497
2024,03,202403,2019,1368358,33563
2024,03,202403,2020,1314635,17453
2024,03,202403,2021,1226394,12004
2024,03,202403,2022,1092434,11322
2024,03,202403,2023,1296636,12170
2024,03,202403,2024,663802,5422
2024,04,202404,2004,690056,71336
2024,04,202404,2005,169874,4672
2024,04,202404,2006,229996,8339
2024,04,202404,2007,406523,9358
2024,04,202404,2008,469347,18928
2024,04,202404,2009,527733,20028
2024,04,202404,2010,849805,33082
2024,04,202404,2011,960704,41559
2024,04,202404,2012,1163279,38845
2024,04,202404,2013,919162,39227
2024,04,202404,2014,1148305,40110
2024,04,202404,2015,1269981,39983
2024,04,202404,2016,1642426,30020
2024,04,202404,2017,1248009,32147
2024,04,202404,2018,1442290,24482
2024,04,202404,2019,1370660,33546
2024,04,202404,2020,1318871,17459
2024,04,202404,2021,1227976,12003
2024,04,202404,2022,1092933,11322
2024,04,202404,2023,1299807,12175
2024,04,202404,2024,756992,6352
2024,05,202405,2004,680576,70821
2024,05,202405,2005,165926,4565
2024,05,202405,2006,224495,8108
2024,05,202405,2007,398501,9129
2024,05,202405,2008,461063,18433
2024,05,202405,2009,520512,19607
2024,05,202405,2010,841590,32433
2024,05,202405,2011,954129,40994
2024,05,202405,2012,1158129,38625
2024,05,202405,2013,915854,39045
2024,05,202405,2014,1145378,39940
2024,05,202405,2015,1267380,39866
2024,05,202405,2016,1639993,29967
2024,05,202405,2017,1246884,32102
2024,05,202405,2018,1441740,24469
2024,05,202405,2019,1372761,33534
2024,05,202405,2020,1322396,17471
2024,05,202405,2021,1229626,12001
2024,05,202405,2022,1093430,11314
2024,05,202405,2023,1302363,12176
2024,05,202405,2024,849472,7079
2024,06,202406,2004,672865,70462
2024,06,202406,2005,162586,4476
2024,06,202406,2006,219999,7941
2024,06,202406,2007,391967,8953
2024,06,202406,2008,454634,18139
2024,06,202406,2009,514716,19324
2024,06,202406,2010,834858,31977
2024,06,202406,2011,948624,40630
2024,06,202406,2012,1153736,38443
2024,06,202406,2013,913092,38885
2024,06,202406,2014,1142742,39809
2024,06,202406,2015,1265171,39772
2024,06,202406,2016,1637911,29926
2024,06,202406,2017,1246021,32081
2024,06,202406,2018,1441262,24453
2024,06,202406,2019,1374307,33532
2024,06,202406,2020,1325424,17491
2024,06,202406,2021,1231415,12029
2024,06,202406,2022,1094241,11310
2024,06,202406,2023,1304921,12169
2024,06,202406,2024,935974,7901
2024,07,202407,2004,664147,70038
2024,07,202407,2005,158866,4367
2024,07,202407,2006,214875,7705
2024,07,202407,2007,384407,8764
2024,07,202407,2008,447078,17785
2024,07,202407,2009,507807,18977
2024,07,202407,2010,826554,31478
2024,07,202407,2011,941641,40175
2024,07,202407,2012,1148204,38183
2024,07,202407,2013,909786,38712
2024,07,202407,2014,1139388,39647
2024,07,202407,2015,1262301,39643
2024,07,202407,2016,1635425,29865
2024,07,202407,2017,1244977,32059
2024,07,202407,2018,1440555,24427
2024,07,202407,2019,1375830,33530
2024,07,202407,2020,1328076,17492
2024,07,202407,2021,1232794,12016
2024,07,202407,2022,1094987,11343
2024,07,202407,2023,1307300,12157
2024,07,202407,2024,1028629,8885
2024,08,202408,2004,656188,69668
2024,08,202408,2005,155260,4268
2024,08,202408,2006,210343,7523
2024,08,202408,2007,377322,8597
2024,08,202408,2008,440137,17509
2024,08,202408,2009,501223,18664
2024,08,202408,2010,818867,31012
2024,08,202408,2011,934865,39805
2024,08,202408,2012,1142847,37966
2024,08,202408,2013,906449,38540
2024,08,202408,2014,1136221,39538
2024,08,202408,2015,1259543,39541
2024,08,202408,2016,1632994,29800
2024,08,202408,2017,1243917,31997
2024,08,202408,2018,1439857,24407
2024,08,202408,2019,1376470,33524
2024,08,202408,2020,1329600,17478
2024,08,202408,2021,1233401,12008
2024,08,202408,2022,1095267,11346
2024,08,202408,2023,1309831,12155
2024,08,202408,2024,1104020,9584
2024,09,202409,2004,648781,69327
2024,09,202409,2005,152001,4176
2024,09,202409,2006,206161,7339
2024,09,202409,2007,370887,8427
2024,09,202409,2008,433788,17227
2024,09,202409,2009,495184,18398
2024,09,202409,2010,811907,30606
2024,09,202409,2011,928943,39501
2024,09,202409,2012,1137892,37766
2024,09,202409,2013,903145,38371
2024,09,202409,2014,1132998,39421
2024,09,202409,2015,1256771,39437
2024,09,202409,2016,1630503,29756
2024,09,202409,2017,1242814,31911
2024,09,202409,2018,1439027,24383
2024,09,202409,2019,1377015,33492
2024,09,202409,2020,1331134,17474
2024,09,202409,2021,1233973,12003
2024,09,202409,2022,1095623,11356
2024,09,202409,2023,1311625,12149
2024,09,202409,2024,1192406,10343
2024,10,202410,2004,640729,68932
2024,10,202410,2005,148222,4079
2024,10,202410,2006,201585,7144
2024,10,202410,2007,363290,8235
2024,10,202410,2008,426621,16871
2024,10,202410,2009,488088,18089
2024,10,202410,2010,803574,30130
2024,10,202410,2011,921694,39094
2024,10,202410,2012,1131843,37522
2024,10,202410,2013,899524,38178
2024,10,202410,2014,1129198,39273
2024,10,202410,2015,1253387,39298
2024,10,202410,2016,1627504,29720
2024,10,202410,2017,1241450,31872
2024,10,202410,2018,1437909,24362
2024,10,202410,2019,1377217,33433
2024,10,202410,2020,1333294,17504
2024,10,202410,2021,1235810,11992
2024,10,202410,2022,1096422,11358
2024,10,202410,2023,1312750,12142
2024,10,202410,2024,1290050,11473
2024,11,202411,2004,633717,68547
2024,11,202411,2005,144906,3985
2024,11,202411,2006,197606,6995
2024,11,202411,2007,356924,8076
2024,11,202411,2008,420410,16606
2024,11,202411,2009,481989,17833
2024,11,202411,2010,795934,29779
2024,11,202411,2011,914895,38753
2024,11,202411,2012,1126240,37296
2024,11,202411,2013,896028,38021
2024,11,202411,2014,1125666,39080
2024,11,202411,2015,1250249,39157
2024,11,202411,2016,1624666,29659
2024,11,202411,2017,1240177,31806
2024,11,202411,2018,1436895,24332
2024,11,202411,2019,1377296,33392
2024,11,202411,2020,1335709,17540
2024,11,202411,2021,1239361,12011
2024,11,202411,2022,1097845,11388
2024,11,202411,2023,1314271,12144
2024,11,202411,2024,1390656,12543
2024,12,202412,2004,626125,68147
2024,12,202412,2005,141236,3902
2024,12,202412,2006,193144,6849
2024,12,202412,2007,350140,7915
2024,12,202412,2008,413848,16363
2024,12,202412,2009,475094,17624
2024,12,202412,2010,787329,29450
2024,12,202412,2011,906701,38413
2024,12,202412,2012,1119289,37080
2024,12,202412,2013,891450,37818
2024,12,202412,2014,1120957,38885
2024,12,202412,2015,1246426,38990
2024,12,202412,2016,1621474,29571
2024,12,202412,2017,1238646,31739
2024,12,202412,2018,1436336,24306
2024,12,202412,2019,1377188,33367
2024,12,202412,2020,1338473,17555
2024,12,202412,2021,1243302,12018
2024,12,202412,2022,1099542,11417
2024,12,202412,2023,1315525,12153
2024,12,202412,2024,1483541,13543
2025,01,202501,2005,758255,71689
2025,01,202501,2006,189677,6700
2025,01,202501,2007,344727,7788
2025,01,202501,2008,408618,16208
2025,01,202501,2009,469459,17499
2025,01,202501,2010,779951,29267
2025,01,202501,2011,899219,38170
2025,01,202501,2012,1112523,36890
2025,01,202501,2013,887001,37641
2025,01,202501,2014,1116678,38652
2025,01,202501,2015,1242780,38834
2025,01,202501,2016,1618482,29482
2025,01,202501,2017,1237077,31635
2025,01,202501,2018,1435311,24262
2025,01,202501,2019,1376882,33325
2025,01,202501,2020,1340607,17604
2025,01,202501,2021,1245817,12019
2025,01,202501,2022,1100791,11440
2025,01,202501,2023,1316044,12169
2025,01,202501,2024,1097696,5627
2025,01,202501,2025,472947,8804
2025,02,202502,2005,748749,71279
2025,02,202502,2006,185985,6552
2025,02,202502,2007,338726,7644
2025,02,202502,2008,402715,16034
2025,02,202502,2009,463013,17364
2025,02,202502,2010,771956,29066
2025,02,202502,2011,890173,37746
2025,02,202502,2012,1104255,36532
2025,02,202502,2013,881447,37371
2025,02,202502,2014,1111017,38299
2025,02,202502,2015,1238204,38481
2025,02,202502,2016,1614581,29294
2025,02,202502,2017,1234889,31437
2025,02,202502,2018,1433831,24162
2025,02,202502,2019,1375844,33256
2025,02,202502,2020,1342082,17610
2025,02,202502,2021,1247360,12009
2025,02,202502,2022,1101460,11457
2025,02,202502,2023,1316458,12204
2025,02,202502,2024,1100201,5639
2025,02,202502,2025,561418,9746
2025,03,202503,2005,738858,70850
2025,03,202503,2006,181859,6370
2025,03,202503,2007,331589,7458
2025,03,202503,2008,395613,15665
2025,03,202503,2009,455753,17004
2025,03,202503,2010,762894,28477
2025,03,202503,2011,880929,37051
2025,03,202503,2012,1096104,36114
2025,03,202503,2013,876191,37080
2025,03,202503,2014,1105760,37998
2025,03,202503,2015,1233999,38171
2025,03,202503,2016,1611097,29151
2025,03,202503,2017,1233035,31288
2025,03,202503,2018,1432623,24087
2025,03,202503,2019,1375163,33188
2025,03,202503,2020,1343725,17601
2025,03,202503,2021,1248481,11978
2025,03,202503,2022,1101770,11458
2025,03,202503,2023,1316840,12215
2025,03,202503,2024,1101616,5645
2025,03,202503,2025,659407,10839
2025,04,202504,2005,728369,70309
2025,04,202504,2006,177180,6175
2025,04,202504,2007,322735,7242
2025,04,202504,2008,386416,15016
2025,04,202504,2009,447175,16320
2025,04,202504,2010,752244,27340
2025,04,202504,2011,871233,35944
2025,04,202504,2012,1088037,35677
2025,04,202504,2013,871021,36820
2025,04,202504,2014,1100769,37761
2025,04,202504,2015,1229914,37958
2025,04,202504,2016,1607529,29043
2025,04,202504,2017,1231116,31203
2025,04,202504,2018,1431325,24041
2025,04,202504,2019,1374310,33148
2025,04,202504,2020,1345217,17630
2025,04,202504,2021,1250239,11974
2025,04,202504,2022,1101995,11475
2025,04,202504,2023,1316863,12217
2025,04,202504,2024,1102218,5648
2025,04,202504,2025,758416,11843
2025,05,202505,2005,719207,69932
2025,05,202505,2006,173264,6012
2025,05,202505,2007,315910,7088
2025,05,202505,2008,379324,14632
2025,05,202505,2009,440128,15938
2025,05,202505,2010,743062,26716
2025,05,202505,2011,862779,35284
2025,05,202505,2012,1080426,35415
2025,05,202505,2013,866299,36625
2025,05,202505,2014,1096124,37584
2025,05,202505,2015,1226154,37779
2025,05,202505,2016,1604296,28941
2025,05,202505,2017,1229341,31107
2025,05,202505,2018,1430045,24004
2025,05,202505,2019,1373566,33109
2025,05,202505,2020,1346194,17651
2025,05,202505,2021,1252023,11966
2025,05,202505,2022,1101569,11499
2025,05,202505,2023,1316815,12218
2025,05,202505,2024,1102261,5651
2025,05,202505,2025,856202,12668
2025,06,202506,2005,710138,69514
2025,06,202506,2006,169478,5854
2025,06,202506,2007,309799,6925
2025,06,202506,2008,372900,14344
2025,06,202506,2009,433587,15684
2025,06,202506,2010,734467,26282
2025,06,202506,2011,854512,34815
2025,06,202506,2012,1072812,35143
2025,06,202506,2013,861601,36395
2025,06,202506,2014,1091369,37420
2025,06,202506,2015,1222240,37613
2025,06,202506,2016,1601196,28885
2025,06,202506,2017,1227582,31038
2025,06,202506,2018,1428904,23988
2025,06,202506,2019,1372614,33053
2025,06,202506,2020,1347339,17674
2025,06,202506,2021,1253768,11961
2025,06,202506,2022,1101937,11540
2025,06,202506,2023,1317024,12233
2025,06,202506,2024,1102411,5650
2025,06,202506,2025,953611,13488
2025,07,202507,2005,700788,69102
2025,07,202507,2006,165426,5687
2025,07,202507,2007,303464,6761
2025,07,202507,2008,365887,14047
2025,07,202507,2009,426684,15419
2025,07,202507,2010,724790,25841
2025,07,202507,2011,845531,34263
2025,07,202507,2012,1064198,34789
2025,07,202507,2013,856208,36155
2025,07,202507,2014,1085665,37156
2025,07,202507,2015,1217420,37432
2025,07,202507,2016,1596914,28791
2025,07,202507,2017,1225132,30941
2025,07,202507,2018,1427100,23965
2025,07,202507,2019,1371304,33012
2025,07,202507,2020,1348161,17649
2025,07,202507,2021,1255235,11966
2025,07,202507,2022,1102616,11605
2025,07,202507,2023,1317232,12221
2025,07,202507,2024,1102428,5666
2025,07,202507,2025,1050949,14359
2025,08,202508,2005,692482,68730
2025,08,202508,2006,161706,5548
2025,08,202508,2007,297592,6598
2025,08,202508,2008,359397,13766
2025,08,202508,2009,420353,15123
2025,08,202508,2010,716115,25427
2025,08,202508,2011,837764,33792
2025,08,202508,2012,1057204,34516
2025,08,202508,2013,851789,35962
2025,08,202508,2014,1080998,36987
2025,08,202508,2015,1213563,37275
2025,08,202508,2016,1593176,28729
2025,08,202508,2017,1223005,30879
2025,08,202508,2018,1425532,23936
2025,08,202508,2019,1369883,33002
2025,08,202508,2020,1348134,17613
2025,08,202508,2021,1254917,11985
2025,08,202508,2022,1102745,11649
2025,08,202508,2023,1317021,12225
2025,08,202508,2024,1101978,5674
2025,08,202508,2025,1135673,14959
2025,09,202509,2005,683509,68356
2025,09,202509,2006,157613,5415
2025,09,202509,2007,291233,6446
2025,09,202509,2008,352406,13445
2025,09,202509,2009,413562,14810
2025,09,202509,2010,706443,24913
2025,09,202509,2011,829316,33253
2025,09,202509,2012,1049280,34246
2025,09,202509,2013,846931,35784
2025,09,202509,2014,1075880,36819
2025,09,202509,2015,1209289,37113
2025,09,202509,2016,1589064,28664
2025,09,202509,2017,1220715,30820
2025,09,202509,2018,1423774,23897
2025,09,202509,2019,1368070,32982
2025,09,202509,2020,1348223,17601
2025,09,202509,2021,1253934,11962
2025,09,202509,2022,1101575,11700
2025,09,202509,2023,1316040,12254
2025,09,202509,2024,1101338,5673
2025,09,202509,2025,1240490,15607
2025,10,202510,2005,675709,67971
2025,10,202510,2006,154205,5294
2025,10,202510,2007,285880,6302
2025,10,202510,2008,346402,13175
2025,10,202510,2009,407683,14563
2025,10,202510,2010,698145,24494
2025,10,202510,2011,821839,32838
2025,10,202510,2012,1042496,34006
2025,10,202510,2013,842731,35620
2025,10,202510,2014,1071168,36635
2025,10,202510,2015,1205450,36968
2025,10,202510,2016,1585255,28593
2025,10,202510,2017,1218554,30761
2025,10,202510,2018,1422069,23853
2025,10,202510,2019,1366444,32968
2025,10,202510,2020,1347843,17563
2025,10,202510,2021,1253261,11951
2025,10,202510,2022,1101157,11712
2025,10,202510,2023,1314842,12266
2025,10,202510,2024,1100338,5674
2025,10,202510,2025,1321792,16297
2025,11,202511,2005,668122,67600
2025,11,202511,2006,150762,5186
2025,11,202511,2007,280470,6169
2025,11,202511,2008,340466,12921
2025,11,202511,2009,402138,14367
2025,11,202511,2010,689862,24155
2025,11,202511,2011,814418,32472
2025,11,202511,2012,1035465,33725
2025,11,202511,2013,838408,35429
2025,11,202511,2014,1066546,36466
2025,11,202511,2015,1201440,36811
2025,11,202511,2016,1581104,28523
2025,11,202511,2017,1216209,30680
2025,11,202511,2018,1420343,23846
2025,11,202511,2019,1365105,32938
2025,11,202511,2020,1347273,17542
2025,11,202511,2021,1253701,11961
2025,11,202511,2022,1102688,11705
2025,11,202511,2023,1314705,12295
2025,11,202511,2024,1099353,5680
2025,11,202511,2025,1418166,17020
2025,12,202512,2005,659364,67204
2025,12,202512,2006,146667,5045
2025,12,202512,2007,274647,6028
2025,12,202512,2008,333804,12706
2025,12,202512,2009,395549,14186
2025,12,202512,2010,680468,23867
2025,12,202512,2011,806028,32122
2025,12,202512,2012,1027187,33399
2025,12,202512,2013,833258,35273
2025,12,202512,2014,1060929,36251
2025,12,202512,2015,1196802,36607
2025,12,202512,2016,1576564,28427
2025,12,202512,2017,1213520,30582
2025,12,202512,2018,1418418,23793
2025,12,202512,2019,1363878,32888
2025,12,202512,2020,1347204,17527
2025,12,202512,2021,1256603,11961
2025,12,202512,2022,1107782,11719
2025,12,202512,2023,1316423,12330
2025,12,202512,2024,1099244,5696
2025,12,202512,2025,1517831,17879
